layer,rho,method,energy,energy_heldout
0,0.5,a,0.9999999879484934,0.999999987412128
0,0.5,d,0.9997238610852949,0.9997191868042791
0,0.5,e,0.9996167017416228,0.9996109020111075
0,0.5,d_bd,0.9982119066697679,0.998194267965943
0,0.5,b,0.9944406771753351,0.9944150380849198
0,0.5,bp,0.9942653848304667,0.9942325214759011
0,0.5,c,0.9980530289373394,0.9980349145519193
0,0.5,cp,0.9980080813867369,0.9979899771040808
0,0.25,a,0.9999998045249793,0.9999998003562588
0,0.25,d,0.9970022605954034,0.9969715308257685
0,0.25,e,0.9968324338111892,0.9967989315745299
0,0.25,d_bd,0.9897552408776962,0.9896892312936542
0,0.25,b,0.973654133701525,0.9735653109379109
0,0.25,bp,0.9727105738090445,0.9726217332822449
0,0.25,c,0.9890587014075327,0.9889857965029547
0,0.25,cp,0.9888342829253871,0.9887587648889945
0,0.125,a,0.9999983575385092,0.9999983402082538
0,0.125,d,0.98814990555266,0.9880821006032917
0,0.125,e,0.9869687547268975,0.9868831403758693
0,0.125,d_bd,0.9679828394168587,0.9678557627669501
0,0.125,b,0.9061310826743177,0.9059462883395695
0,0.125,bp,0.9005896090526679,0.9003761544040567
0,0.125,c,0.9659347305768607,0.9658009359202973
0,0.125,cp,0.964895929520202,0.9647603457974245
1,0.5,a,0.9999983343671475,0.9999982635908269
1,0.5,d,0.998017969934863,0.9980121000673463
1,0.5,e,0.9976755651462706,0.9976769256031822
1,0.5,d_bd,0.9955924937189579,0.9955972974972181
1,0.5,b,0.9924087655505737,0.992413233773309
1,0.5,bp,0.990594518834317,0.9905858522747564
1,0.5,c,0.9953835303509898,0.9953887231656922
1,0.5,cp,0.9941399886336171,0.9941411180722103
1,0.25,a,0.9999620903085005,0.9999612585336909
1,0.25,d,0.9893178044636514,0.9893229433965338
1,0.25,e,0.986954384962849,0.9869851419745391
1,0.25,d_bd,0.9784256883270889,0.9784478713370375
1,0.25,b,0.9669104047302267,0.9669236155939369
1,0.25,bp,0.9603208473054232,0.9603706864177902
1,0.25,c,0.9774070016769945,0.9774337392049661
1,0.25,cp,0.9716934564261984,0.9717468843231273
1,0.125,a,0.9996877298747093,0.9996840149333517
1,0.125,d,0.972093097366884,0.9720997755141608
1,0.125,e,0.9638368560190568,0.9639104935173185
1,0.125,d_bd,0.9495153899929414,0.9495859371818338
1,0.125,b,0.9253213698855863,0.9254169352389103
1,0.125,bp,0.9212198527751798,0.9213224516082142
1,0.125,c,0.9478642035004547,0.9479368469113251
1,0.125,cp,0.9421766227943087,0.9422889071982898
2,0.5,a,0.9999108975157468,0.9999078806518318
2,0.5,d,0.9931518577990788,0.9931167063773009
2,0.5,e,0.9920600083909408,0.9920650600920214
2,0.5,d_bd,0.9886440753871919,0.9886527494322536
2,0.5,b,0.9845661045840047,0.9845730652822652
2,0.5,bp,0.9762537147699234,0.9762959126754944
2,0.5,c,0.9881180339924753,0.9881272386945111
2,0.5,cp,0.9818833827087587,0.9819092064252709
2,0.25,a,0.9987944399905556,0.9987721432118204
2,0.25,d,0.9780245085871221,0.9779818313471544
2,0.25,e,0.9722878117802184,0.9723220416289284
2,0.25,d_bd,0.964323910164432,0.9643634923858267
2,0.25,b,0.9526089714205227,0.9526706957823282
2,0.25,bp,0.9437224253710057,0.9438283177118231
2,0.25,c,0.9629973004079111,0.9630406453842253
2,0.25,cp,0.9553930855485655,0.9554767333182744
2,0.125,a,0.9952683727173356,0.9952211269120703
2,0.125,d,0.9596769412882745,0.9596823309263753
2,0.125,e,0.94973799615174,0.9498158932312849
2,0.125,d_bd,0.9377531891653904,0.9378380572273933
2,0.125,b,0.9195493574686594,0.9197052396042846
2,0.125,bp,0.9138944681908682,0.9140774312282273
2,0.125,c,0.936056680727106,0.9361543788695547
2,0.125,cp,0.9295361625938944,0.9296456782150911
3,0.5,a,0.9990307208005932,0.9990050147883744
3,0.5,d,0.9809122797776347,0.9807401745988108
3,0.5,e,0.9772909317987976,0.9772336791799862
3,0.5,d_bd,0.9719954797512308,0.9719372439032915
3,0.5,b,0.9656900902135239,0.9656469235893417
3,0.5,bp,0.9515664196278382,0.9514879108511883
3,0.5,c,0.9711819890753303,0.971130473321444
3,0.5,cp,0.9597040528898504,0.9596225784897755
3,0.25,a,0.9929386533044471,0.9928258332558798
3,0.25,d,0.9513404202611266,0.9510745107204917
3,0.25,e,0.9400253509078642,0.9399258157318123
3,0.25,d_bd,0.9294227875136067,0.9293091896153326
3,0.25,b,0.9150854647127606,0.9149887912230034
3,0.25,bp,0.9028224415278087,0.9026774617137884
3,0.25,c,0.9275805463962576,0.9274730733621844
3,0.25,cp,0.9161928076860248,0.9160168875066066
3,0.125,a,0.9811926919112813,0.9810161316457328
3,0.125,d,0.9221727027291601,0.9218940031454038
3,0.125,e,0.9050585342929354,0.9049101008656951
3,0.125,d_bd,0.8912555422818478,0.8910764668143064
3,0.125,b,0.8721510172209809,0.8720466411941031
3,0.125,bp,0.8635943536498111,0.8635217530475299
3,0.125,c,0.8886914729429238,0.8885097065069341
3,0.125,cp,0.8794716121435764,0.8792890881870175
4,0.5,a,0.99904355602204,0.9990244547784982
4,0.5,d,0.9808105550064464,0.9806441609883051
4,0.5,e,0.9772633140456376,0.9772192450110644
4,0.5,d_bd,0.9709169185624276,0.9708717387854635
4,0.5,b,0.9634249799125699,0.9633665249136939
4,0.5,bp,0.952799360500372,0.9527083556010839
4,0.5,c,0.9700722250989466,0.9700295599805611
4,0.5,cp,0.9619244278860515,0.9618365624414152
4,0.25,a,0.993678207706498,0.9936036417377723
4,0.25,d,0.9531585530728063,0.9528830011902822
4,0.25,e,0.9435805778474726,0.9434574750424487
4,0.25,d_bd,0.93176403031526,0.931598013729465
4,0.25,b,0.9154812383530518,0.9152997585413114
4,0.25,bp,0.9051355685953141,0.9049104126453975
4,0.25,c,0.9299436956367574,0.9297761607574766
4,0.25,cp,0.9213709196609019,0.9211787605130681
4,0.125,a,0.9837021292810953,0.9835787150209645
4,0.125,d,0.9261040235903759,0.925789097415226
4,0.125,e,0.9110707857387242,0.9108605270324287
4,0.125,d_bd,0.8950583096149337,0.8947924646183393
4,0.125,b,0.8723870073216871,0.8721182334187847
4,0.125,bp,0.8644875298135787,0.864212922185266
4,0.125,c,0.892476378793965,0.8922029074719421
4,0.125,cp,0.8846682890984551,0.8843664532764991
5,0.5,a,0.9987638041952578,0.9987459044901261
5,0.5,d,0.9792562397746805,0.9790587215305886
5,0.5,e,0.9758077307934192,0.9757337767455717
5,0.5,d_bd,0.9698365199378013,0.9697546507738947
5,0.5,b,0.9623026657508928,0.9622064946805886
5,0.5,bp,0.9519883937605025,0.9518016413126807
5,0.5,c,0.9691210382147666,0.9690469329251797
5,0.5,cp,0.9608495140735102,0.9606909838739996
5,0.25,a,0.9924548863201981,0.9923857351505667
5,0.25,d,0.9505642966469825,0.9502613004828743
5,0.25,e,0.9404623497732111,0.9402887224818324
5,0.25,d_bd,0.9284035989978093,0.9282027989603266
5,0.25,b,0.9114830146943561,0.9112841279243077
5,0.25,bp,0.9017701102244303,0.9015670770797491
5,0.25,c,0.9265937891322099,0.9263893922638572
5,0.25,cp,0.9181661754571994,0.9179613548463361
5,0.125,a,0.981485478653465,0.9813821894565534
5,0.125,d,0.9214894676346661,0.9211617231041865
5,0.125,e,0.9057691204406281,0.9056044744344042
5,0.125,d_bd,0.8893749422922912,0.8891740505523147
5,0.125,b,0.8659652715402454,0.8658196493047274
5,0.125,bp,0.8582277752755251,0.8581245187747316
5,0.125,c,0.886717259231941,0.8865100026536251
5,0.125,cp,0.8792490343839708,0.8790198558217567
6,0.5,a,0.9980749537677298,0.9980546215814573
6,0.5,d,0.972486841605657,0.9723987406170024
6,0.5,e,0.9667419898430494,0.9668653204089656
6,0.5,d_bd,0.9593473131174842,0.9595170871578482
6,0.5,b,0.9502824817105202,0.9504934608651003
6,0.5,bp,0.9307726212997467,0.9310331292322419
6,0.5,c,0.958522476968811,0.9587092984966166
6,0.5,cp,0.9421464207743433,0.9423232638356289
6,0.25,a,0.9891256878845092,0.9890917820509473
6,0.25,d,0.9334611576512604,0.9334863747448775
6,0.25,e,0.9156021624654829,0.9159838864158816
6,0.25,d_bd,0.9003605680173087,0.9007754176597214
6,0.25,b,0.8796100013339315,0.8801538452824977
6,0.25,bp,0.8576094539988819,0.8582843162680581
6,0.25,c,0.8977854105079952,0.8982053983089594
6,0.25,cp,0.8779143850442201,0.8784573940172304
6,0.125,a,0.9738961176287219,0.9739200633600064
6,0.125,d,0.8931190130494461,0.8933742353257665
6,0.125,e,0.8634589389736079,0.8640530705625914
6,0.125,d_bd,0.8424519151216507,0.8431853305109851
6,0.125,b,0.814277830943078,0.8152395431450606
6,0.125,bp,0.7942384978244688,0.7953750509544287
6,0.125,c,0.8382590549609787,0.8390417943782835
6,0.125,cp,0.8200922773633517,0.820955560502707
7,0.5,a,0.9978611317423376,0.9978324247699688
7,0.5,d,0.9702520328785365,0.970161268488245
7,0.5,e,0.9633335059158797,0.9634910667733467
7,0.5,d_bd,0.9559854253788709,0.9561675362936981
7,0.5,b,0.9473617677771645,0.947587824736729
7,0.5,bp,0.9270736272667545,0.9273834894525922
7,0.5,c,0.9552656754568812,0.9554566712850101
7,0.5,cp,0.9388746335518375,0.9391397674689547
7,0.25,a,0.9879118828863592,0.9878455616601624
7,0.25,d,0.9290984879302551,0.9291356341221039
7,0.25,e,0.909672439487441,0.9100806780989057
7,0.25,d_bd,0.8944959664145885,0.8949857720067865
7,0.25,b,0.8741510571933938,0.874749525903262
7,0.25,bp,0.849800181486886,0.850593856821588
7,0.25,c,0.8919783367994988,0.8924914680217937
7,0.25,cp,0.8708467818307107,0.871477454666213
7,0.125,a,0.9713093559422233,0.9713070130133946
7,0.125,d,0.8879734972839579,0.8882864904890287
7,0.125,e,0.8559592927117584,0.8566459399584815
7,0.125,d_bd,0.8353272336023474,0.8360963638876683
7,0.125,b,0.8077861234719128,0.8088394502273288
7,0.125,bp,0.7832668495039388,0.7844706191739556
7,0.125,c,0.8313307335428726,0.8321331271705243
7,0.125,cp,0.8089835492071099,0.8099469799655762
8,0.5,a,0.9977580787716154,0.9977296280331506
8,0.5,d,0.9701130119333853,0.9700163004736294
8,0.5,e,0.9646906137924788,0.964855615800063
8,0.5,d_bd,0.9573106259707923,0.9575126764068264
8,0.5,b,0.9481440834689661,0.9483943637622635
8,0.5,bp,0.9304413926939082,0.9307214660494497
8,0.5,c,0.9565263614042108,0.9567343057450359
8,0.5,cp,0.9418831771134958,0.9420853381675574
8,0.25,a,0.9874462871974983,0.9873948666534021
8,0.25,d,0.9305054937682995,0.9305304468297434
8,0.25,e,0.9149884911148282,0.9153704710684745
8,0.25,d_bd,0.9005232172661373,0.9009620516317686
8,0.25,b,0.8802768632088384,0.8808479225968552
8,0.25,bp,0.8618993146170125,0.8626125663925386
8,0.25,c,0.8981321583283624,0.8985948816719537
8,0.25,cp,0.88209242160352,0.8826232719967954
8,0.125,a,0.9702474963702639,0.970272978547835
8,0.125,d,0.8920792282947736,0.8923789913669454
8,0.125,e,0.8672689486641507,0.8678880804524571
8,0.125,d_bd,0.8476664056728361,0.8483696484011528
8,0.125,b,0.8198851246967604,0.8208048323144591
8,0.125,bp,0.8028254926592797,0.8039454690773992
8,0.125,c,0.8438229579386366,0.8445825367471823
8,0.125,cp,0.8281140925044274,0.8290515762001891
9,0.5,a,0.9974122427462858,0.9973808137945414
9,0.5,d,0.9661581891192482,0.966045568017658
9,0.5,e,0.9600699785745043,0.960237445250955
9,0.5,d_bd,0.9522319615982145,0.9524194165345128
9,0.5,b,0.9427581975235455,0.9429872099234036
9,0.5,bp,0.9259254420109272,0.9262078476797369
9,0.5,c,0.9513266245913975,0.9515122603607598
9,0.5,cp,0.9383476618913175,0.9385502756924734
9,0.25,a,0.9858859580394542,0.9858290630364429
9,0.25,d,0.9240284434439163,0.924076056943255
9,0.25,e,0.9083296830868187,0.9087409621096181
9,0.25,d_bd,0.8935194837990431,0.8940169761317185
9,0.25,b,0.8714568115519306,0.8720659083586237
9,0.25,bp,0.8536154617670241,0.8543952600832339
9,0.25,c,0.8909450453673324,0.891467720867245
9,0.25,cp,0.8751086463309117,0.8757387324409963
9,0.125,a,0.9674027253860561,0.9674115428410393
9,0.125,d,0.883872718111835,0.88423005905015
9,0.125,e,0.8582161304236786,0.8589270179672386
9,0.125,d_bd,0.8378430588713676,0.8386278994363141
9,0.125,b,0.8083522617187533,0.8093869569943577
9,0.125,bp,0.7924759806114781,0.7936684453666776
9,0.125,c,0.833652760207249,0.8344955301601392
9,0.125,cp,0.8194193371929658,0.820373347488428
10,0.5,a,0.9976436085483561,0.9976168919496667
10,0.5,d,0.9683662439199155,0.9682310863501852
10,0.5,e,0.9618565545472025,0.9620205652004421
10,0.5,d_bd,0.9534839370812919,0.9536848263551807
10,0.5,b,0.9425548986842742,0.9427960797987064
10,0.5,bp,0.9220362640535897,0.9223000926624201
10,0.5,c,0.9525107604876769,0.9527296399109775
10,0.5,cp,0.9359674980312851,0.9361922825764067
10,0.25,a,0.9868157633900475,0.986764852444273
10,0.25,d,0.9254235306159899,0.925374037074945
10,0.25,e,0.9071435255537631,0.9075595500942343
10,0.25,d_bd,0.8909383995517502,0.8913941649214923
10,0.25,b,0.8668509983837482,0.8674174040187264
10,0.25,bp,0.8448254576804223,0.8454904560206093
10,0.25,c,0.8879748195254998,0.8884451817727878
10,0.25,cp,0.8696335683757096,0.870133795466546
10,0.125,a,0.9687699386808878,0.9687580009967768
10,0.125,d,0.8839700390920412,0.884201207130808
10,0.125,e,0.8541391145409368,0.8547367814268468
10,0.125,d_bd,0.8327525072768284,0.8333878916618341
10,0.125,b,0.7988769094476528,0.7997832472033084
10,0.125,bp,0.7768059879154128,0.777906052863749
10,0.125,c,0.8278337438706211,0.8285454686031306
10,0.125,cp,0.8088297190031978,0.8096854148244945
11,0.5,a,0.9975225941913078,0.9974941164235265
11,0.5,d,0.9695634455978436,0.9693775797543353
11,0.5,e,0.9635647310825414,0.963683251727959
11,0.5,d_bd,0.9558645863219772,0.9560281420752635
11,0.5,b,0.9464948085427256,0.9467353517162549
11,0.5,bp,0.919631916512455,0.9199427013771379
11,0.5,c,0.9551045478253465,0.9552842679402291
11,0.5,cp,0.9345140947641178,0.9347050572145041
11,0.25,a,0.9865549740971955,0.9865017874494394
11,0.25,d,0.9280183667889995,0.9279457117492214
11,0.25,e,0.9078218095999346,0.9081948708733302
11,0.25,d_bd,0.8917948852648652,0.8922491937907788
11,0.25,b,0.8681179659161383,0.8687057840043162
11,0.25,bp,0.8317196915126254,0.8324085548802221
11,0.25,c,0.8887907586644813,0.8892445454086477
11,0.25,cp,0.8587018117131852,0.8591405602114004
11,0.125,a,0.9681833065218967,0.9681772327013676
11,0.125,d,0.886040168920975,0.8862375550026597
11,0.125,e,0.8493835247809056,0.8499893344937388
11,0.125,d_bd,0.8272268813657204,0.8278568836755419
11,0.125,b,0.7920910573911744,0.7931601840127243
11,0.125,bp,0.7548866334034902,0.7559810839669531
11,0.125,c,0.8212324964858496,0.8219303682382969
11,0.125,cp,0.7886853004187516,0.7894054950324312
12,0.5,a,0.9968285640968084,0.9967869869882792
12,0.5,d,0.9639172940727762,0.963677451877669
12,0.5,e,0.9571709432464388,0.9572590241199737
12,0.5,d_bd,0.9491256135494276,0.9492170879048926
12,0.5,b,0.9389857167606179,0.9391071990817418
12,0.5,bp,0.9140840487798092,0.9142431346698776
12,0.5,c,0.9482494324538416,0.9483514982607887
12,0.5,cp,0.9288915710836414,0.9290202112426799
12,0.25,a,0.9832877271528768,0.9832055953823617
12,0.25,d,0.9183442108839702,0.918133732819752
12,0.25,e,0.8984855015526707,0.8987324732895635
12,0.25,d_bd,0.8823301302296331,0.8826029991477453
12,0.25,b,0.8583572788022157,0.8587581419862493
12,0.25,bp,0.8280999805151139,0.8284846705712152
12,0.25,c,0.8792328601525032,0.8795403690973341
12,0.25,cp,0.8546266447196035,0.8549164800800847
12,0.125,a,0.9620891035921563,0.9620563220994769
12,0.125,d,0.8750992068630565,0.8751428049211052
12,0.125,e,0.8412856752555066,0.8416642219377922
12,0.125,d_bd,0.8193190428846057,0.8197471489496492
12,0.125,b,0.785366187381889,0.7859831321459456
12,0.125,bp,0.7546973460915156,0.7553522547307026
12,0.125,c,0.8138322035791463,0.8142748413572816
12,0.125,cp,0.7883799224837432,0.7889829592040843
13,0.5,a,0.9961639833727606,0.9961155496035498
13,0.5,d,0.9603362211879082,0.9601536138686264
13,0.5,e,0.9545164940989737,0.9547347080925048
13,0.5,d_bd,0.9467755788262706,0.9470226585021644
13,0.5,b,0.9378394703941845,0.9381317063763067
13,0.5,bp,0.9180793231089597,0.9184437532986061
13,0.5,c,0.9459933245794746,0.946247077911007
13,0.5,cp,0.9302294362471758,0.9305493886981829
13,0.25,a,0.9803204016904596,0.9802492297941159
13,0.25,d,0.9140614956891456,0.9140856275177128
13,0.25,e,0.8977515042156826,0.8982698809010222
13,0.25,d_bd,0.8829573285586,0.8835520949335741
13,0.25,b,0.862324631885354,0.8630261361080572
13,0.25,bp,0.837893589490996,0.8386659298095345
13,0.25,c,0.8803728694910763,0.8809996617311047
13,0.25,cp,0.8603000224456119,0.8609180202859025
13,0.125,a,0.9567865030617011,0.9568522514798237
13,0.125,d,0.8718285069710139,0.872206000320992
13,0.125,e,0.8443545141428431,0.8450942332178243
13,0.125,d_bd,0.8242561952647186,0.8250630523298341
13,0.125,b,0.793734233296434,0.7947505261761633
13,0.125,bp,0.769797307466435,0.7709403741760452
13,0.125,c,0.8196659774300701,0.8205316665190248
13,0.125,cp,0.7993578653615471,0.8002641943717556
14,0.5,a,0.9968536213095379,0.9968109448920445
14,0.5,d,0.9641609193692312,0.9639003956005047
14,0.5,e,0.9566507047686916,0.9567607013928701
14,0.5,d_bd,0.9486411173853241,0.9487650042210807
14,0.5,b,0.9389590882038904,0.9391265240926198
14,0.5,bp,0.9130153753245411,0.9130663960335118
14,0.5,c,0.9476622862788168,0.9477912324547699
14,0.5,cp,0.9291051868324431,0.9291600294760854
14,0.25,a,0.9837992296002258,0.9837121738407965
14,0.25,d,0.9202448939637328,0.9200171067532356
14,0.25,e,0.899705434540588,0.8998800640092552
14,0.25,d_bd,0.8835539645381683,0.8836951068681816
14,0.25,b,0.8591562862469211,0.8593764108823595
14,0.25,bp,0.8203447773346311,0.8204481910135644
14,0.25,c,0.8801019224444983,0.8802861838015121
14,0.25,cp,0.8503540395468518,0.8503647516739894
14,0.125,a,0.9637183806264753,0.9636696219668414
14,0.125,d,0.8792768450693093,0.8792190808375775
14,0.125,e,0.8424426039494145,0.8426796597738861
14,0.125,d_bd,0.8200190651522266,0.8202031623252501
14,0.125,b,0.7831452779767357,0.7834652930191406
14,0.125,bp,0.739158518514029,0.7394967598091822
14,0.125,c,0.8130224191058423,0.813196167383241
14,0.125,cp,0.776627778392963,0.7766442948988653
15,0.5,a,0.9965591749091828,0.9965038333595716
15,0.5,d,0.963137288868278,0.9628354155864227
15,0.5,e,0.9562008212963645,0.956279723528995
15,0.5,d_bd,0.9484453602191241,0.9485175098306534
15,0.5,b,0.9391110196664566,0.9391859698608173
15,0.5,bp,0.917614700600931,0.9176463969888597
15,0.5,c,0.9476155566672961,0.9476851790619639
15,0.5,cp,0.9316208585988789,0.9316084418912166
15,0.25,a,0.9825164953770169,0.9823797198535403
15,0.25,d,0.9187101418528666,0.9183733121368716
15,0.25,e,0.9007015667992461,0.9008019325377554
15,0.25,d_bd,0.8850657108043006,0.8851965765968627
15,0.25,b,0.862276160842115,0.8625260974148169
15,0.25,bp,0.8357867700268833,0.8361121691694259
15,0.25,c,0.8821984943870598,0.8823459809737879
15,0.25,cp,0.8605858848481899,0.8607267877071243
15,0.125,a,0.9614427986494645,0.9613537605229574
15,0.125,d,0.8781833933275289,0.8780122456815248
15,0.125,e,0.8472015707293326,0.8474449028054403
15,0.125,d_bd,0.8262766556680261,0.826577652862216
15,0.125,b,0.7933709970775041,0.7939357790524283
15,0.125,bp,0.7646550839599486,0.7654514096935041
15,0.125,c,0.8208274952729746,0.8211700746793776
15,0.125,cp,0.796822842182303,0.7973394636396622
16,0.5,a,0.9967304035038633,0.996664304200269
16,0.5,d,0.9656344714887626,0.9652969284160849
16,0.5,e,0.9593874312694239,0.9593812767991736
16,0.5,d_bd,0.9522308091863728,0.952226123053055
16,0.5,b,0.9435420865750545,0.9435381304193128
16,0.5,bp,0.921133232794254,0.9209597986926045
16,0.5,c,0.9515098371293211,0.9515148918138182
16,0.5,cp,0.9345532161667983,0.9344287001152245
16,0.25,a,0.983377733920824,0.9831854649062947
16,0.25,d,0.9243056256973508,0.923860890859601
16,0.25,e,0.906566710892276,0.9064868289587248
16,0.25,d_bd,0.8917565306521239,0.8916537264178881
16,0.25,b,0.8702553539693658,0.87026193146495
16,0.25,bp,0.8404094080881803,0.8402703392406125
16,0.25,c,0.8890828925846708,0.8890103383207713
16,0.25,cp,0.8659445534109784,0.8656876197804264
16,0.125,a,0.9636350069759314,0.9633981392421088
16,0.125,d,0.8861469985915037,0.8858074610520469
16,0.125,e,0.8548389118004809,0.8546651410747259
16,0.125,d_bd,0.8340850392711697,0.8339605646784947
16,0.125,b,0.8012835945467658,0.8013085666937433
16,0.125,bp,0.7711868099113504,0.7712078104768353
16,0.125,c,0.828865255869669,0.8287664682976332
16,0.125,cp,0.8024731765212143,0.8023202946800885
17,0.5,a,0.9955780104309867,0.9954468404583474
17,0.5,d,0.9593089948221715,0.95869876765148
17,0.5,e,0.9519863627877868,0.9518834416881564
17,0.5,d_bd,0.944774557667136,0.9446689952025441
17,0.5,b,0.9363415297307469,0.936211666407187
17,0.5,bp,0.9211505592530325,0.92080712388888
17,0.5,c,0.9440403059551356,0.9439376401992402
17,0.5,cp,0.9323671741321669,0.9320896847246141
17,0.25,a,0.9781284603725229,0.9776896909714989
17,0.25,d,0.9138717143918332,0.9130042471490997
17,0.25,e,0.8976387251410981,0.8973307553126824
17,0.25,d_bd,0.8845701379883841,0.8841913897701704
17,0.25,b,0.8661995125347086,0.8658138456595155
17,0.25,bp,0.8440504700297542,0.8435584926143643
17,0.25,c,0.8822379523711669,0.8818512601311359
17,0.25,cp,0.8650592693000968,0.864540619240082
17,0.125,a,0.9540114558745416,0.9533989362778337
17,0.125,d,0.8757743693812109,0.8750112594635931
17,0.125,e,0.8492332968779479,0.8487376980672758
17,0.125,d_bd,0.8313894282439293,0.8308452008067173
17,0.125,b,0.8041309277233296,0.8037726949144557
17,0.125,bp,0.7770548292864826,0.7766177913855508
17,0.125,c,0.8271365768080048,0.8266309172208671
17,0.125,cp,0.8052263836434213,0.8046130923416724
18,0.5,a,0.9941192078666039,0.9939131660969184
18,0.5,d,0.9542602308674871,0.9535170157574917
18,0.5,e,0.9474701003205688,0.9473383537684756
18,0.5,d_bd,0.9411093073978838,0.9409857418239814
18,0.5,b,0.9337638517009554,0.9336461846390024
18,0.5,bp,0.9202182625493579,0.9198393743984682
18,0.5,c,0.9404541398580077,0.9403473054247189
18,0.5,cp,0.9292886742027472,0.9289871351666116
18,0.25,a,0.9720339482394565,0.9713415916578282
18,0.25,d,0.907314537287143,0.9062649175577063
18,0.25,e,0.8935165660701231,0.8932302332676084
18,0.25,d_bd,0.8824838185768887,0.8821635990401205
18,0.25,b,0.8674592485113595,0.8670813925088398
18,0.25,bp,0.8495446518547768,0.8490457120477745
18,0.25,c,0.8807103412605063,0.8803686101522067
18,0.25,cp,0.8667150483693058,0.8662540856359731
18,0.125,a,0.9437343610127431,0.9427489408375216
18,0.125,d,0.870253699637994,0.8693978546796706
18,0.125,e,0.8487927023498775,0.8483769483433176
18,0.125,d_bd,0.8336723274267122,0.8332268426897483
18,0.125,b,0.811256512455731,0.8109250669388824
18,0.125,bp,0.7894821877567516,0.7891485271739552
18,0.125,c,0.8306171649177377,0.8302073053598182
18,0.125,cp,0.8127702643342546,0.8123133239679343
19,0.5,a,0.9950205863569463,0.9948196096610821
19,0.5,d,0.9602098803139549,0.9596454082204084
19,0.5,e,0.9526866563191031,0.9525865445137804
19,0.5,d_bd,0.9462378378336946,0.9461397828658898
19,0.5,b,0.9382683610953636,0.9381613714765912
19,0.5,bp,0.9187698356596746,0.9184233567017451
19,0.5,c,0.945407578103271,0.9453149396260082
19,0.5,cp,0.9305499919447694,0.9302239163748457
19,0.25,a,0.9756401145374743,0.9749722307958684
19,0.25,d,0.9147908605553808,0.9138821787437064
19,0.25,e,0.8977950415952594,0.89743584564113
19,0.25,d_bd,0.8854946365295782,0.8850754539514788
19,0.25,b,0.8672380160350089,0.8668927011176396
19,0.25,bp,0.8441654975702079,0.8437102490061069
19,0.25,c,0.883039135948305,0.8826486736168755
19,0.25,cp,0.864895451785882,0.8643558249014243
19,0.125,a,0.9495724110193936,0.9486714103163805
19,0.125,d,0.8779078237576716,0.8770732895320354
19,0.125,e,0.8512075502892378,0.8507286050166653
19,0.125,d_bd,0.8343454238013877,0.83384696584031
19,0.125,b,0.8074384917068101,0.807107324883834
19,0.125,bp,0.7852056183714219,0.7847900900941687
19,0.125,c,0.8299906676398189,0.8295254773021499
19,0.125,cp,0.8094304352092792,0.8088934097833442
20,0.5,a,0.9949521773459017,0.9947223364934255
20,0.5,d,0.9591203437264362,0.9584432803796721
20,0.5,e,0.9508971377155843,0.9507451502133404
20,0.5,d_bd,0.9438575039938859,0.9437154118903356
20,0.5,b,0.9356371288900032,0.9355017578295912
20,0.5,bp,0.9172667356557187,0.9167856767978467
20,0.5,c,0.9429737839699971,0.9428397005595064
20,0.5,cp,0.9287877971813845,0.9283850848442027
20,0.25,a,0.9746632115561373,0.9738187405788633
20,0.25,d,0.9110841038583979,0.909958182302693
20,0.25,e,0.8932951966366628,0.8927817921782152
20,0.25,d_bd,0.8809134713733897,0.8803478396647731
20,0.25,b,0.8630424060870581,0.8624594176911594
20,0.25,bp,0.8402608632761988,0.839556928574057
20,0.25,c,0.8784735297393911,0.8779274804080058
20,0.25,cp,0.8607864808722205,0.8600846023188488
20,0.125,a,0.9473165529501364,0.9460836278626913
20,0.125,d,0.8727523506703174,0.8716501508943333
20,0.125,e,0.845454855052466,0.8447365730603251
20,0.125,d_bd,0.8286702705635703,0.8279595187391131
20,0.125,b,0.8014518958942658,0.8008871248907623
20,0.125,bp,0.7778958092967372,0.7773693296628157
20,0.125,c,0.8242643271728602,0.8235513159344436
20,0.125,cp,0.8033395504300143,0.8025913760940062
21,0.5,a,0.9940086401655533,0.9936507397072486
21,0.5,d,0.9574862684169387,0.9564475781253189
21,0.5,e,0.9485526799220465,0.9480431011944949
21,0.5,d_bd,0.942507259273064,0.9419975804550745
21,0.5,b,0.9351535744939816,0.9346167367767567
21,0.5,bp,0.9163720595689463,0.915623586186054
21,0.5,c,0.941580995744756,0.9410679331560603
21,0.5,cp,0.9268440536785191,0.9260923472188892
21,0.25,a,0.9700323213064751,0.9686666754116325
21,0.25,d,0.9065903115397349,0.9046936619862118
21,0.25,e,0.8882987870456278,0.8871662889873279
21,0.25,d_bd,0.8778981594616506,0.8767572269051155
21,0.25,b,0.8621686380399546,0.8609772187013037
21,0.25,bp,0.8414975246400682,0.8402452385929006
21,0.25,c,0.8756242566951933,0.8744910677680156
21,0.25,cp,0.8592581091463841,0.8579773027317878
21,0.125,a,0.9382906139969018,0.9362019092894605
21,0.125,d,0.867532713539455,0.8654870572251951
21,0.125,e,0.8420762624238164,0.8406041481823475
21,0.125,d_bd,0.8285100574364563,0.8269802941225087
21,0.125,b,0.8062854051963546,0.8047977425952537
21,0.125,bp,0.7827632177992098,0.781209510974754
21,0.125,c,0.8248288532066637,0.8232963713767508
21,0.125,cp,0.8046797465357273,0.8031225346435281
22,0.5,a,0.9933223250328589,0.992888788920544
22,0.5,d,0.9530514529539792,0.9516707908604376
22,0.5,e,0.9432151482570883,0.9424683304780853
22,0.5,d_bd,0.9366980967657907,0.9359259327446271
22,0.5,b,0.929116098109828,0.9283028648533677
22,0.5,bp,0.9142474665565996,0.9130366361311658
22,0.5,c,0.9357806688369514,0.9350290475754276
22,0.5,cp,0.9242981455118177,0.9231474040150073
22,0.25,a,0.9673967358611066,0.9657020004193274
22,0.25,d,0.9001626093378338,0.897740927914142
22,0.25,e,0.8826797625452769,0.8810159776793148
22,0.25,d_bd,0.8718686169563686,0.8700937052721646
22,0.25,b,0.856541543843235,0.8547226178421333
22,0.25,bp,0.8404916506568786,0.8384784591764296
22,0.25,c,0.8697099849212184,0.8679357422113883
22,0.25,cp,0.8567413599318845,0.8547674765665674
22,0.125,a,0.9344156021445843,0.9318022776905142
22,0.125,d,0.8610289738503452,0.8584544517778505
22,0.125,e,0.8371908416396079,0.834978328336193
22,0.125,d_bd,0.8229889424772429,0.8207144384176898
22,0.125,b,0.8010378398946805,0.7987962154852862
22,0.125,bp,0.7842565313539717,0.7820211507386476
22,0.125,c,0.8193997700348971,0.8171437293163106
22,0.125,cp,0.8047199368327799,0.8023524388725337
23,0.5,a,0.990669737370974,0.9899930227336748
23,0.5,d,0.9400010314919492,0.938017272237993
23,0.5,e,0.9297805984611723,0.9287877979422948
23,0.5,d_bd,0.9235478950687922,0.9225831077359515
23,0.5,b,0.9165416558605881,0.9155466198514223
23,0.5,bp,0.9024810087546543,0.9010358125964398
23,0.5,c,0.9227233932863473,0.9217748895656783
23,0.5,cp,0.9114463626931959,0.9101390697834816
23,0.25,a,0.9567831137454893,0.9544089274102251
23,0.25,d,0.8793726251715953,0.8762708404172026
23,0.25,e,0.8619589529777706,0.8599662175951154
23,0.25,d_bd,0.8521875186885824,0.8500981126099096
23,0.25,b,0.8385627178915904,0.8363250244441494
23,0.25,bp,0.8249775469014622,0.8226014564173768
23,0.25,c,0.8503259389425208,0.8482001882267547
23,0.25,cp,0.8389920872288599,0.836656728302682
23,0.125,a,0.9154623237992304,0.9120531216798566
23,0.125,d,0.8360551932385578,0.8327365978633974
23,0.125,e,0.8145187699115912,0.811842393822611
23,0.125,d_bd,0.8022092609833588,0.7994824787043954
23,0.125,b,0.7839771362086676,0.7812949494985517
23,0.125,bp,0.7711206955122515,0.7684391224006745
23,0.125,c,0.7996246809948169,0.7968901132064083
23,0.125,cp,0.7879220153876639,0.7851325441481739
24,0.5,a,0.9936107515945695,0.993148573640058
24,0.5,d,0.9572314992764924,0.9560537410390371
24,0.5,e,0.9483823126074586,0.9477843194212862
24,0.5,d_bd,0.9421730445864551,0.9415890858511913
24,0.5,b,0.9344694157630968,0.933866099036946
24,0.5,bp,0.9174170147584183,0.9164063821579019
24,0.5,c,0.9412728925773678,0.9407066269823058
24,0.5,cp,0.9274843479683087,0.9265620205938608
24,0.25,a,0.9678576150414571,0.9661197279246322
24,0.25,d,0.9041092331990411,0.9018854584476882
24,0.25,e,0.8860313473470055,0.8845350275777717
24,0.25,d_bd,0.8757663097291482,0.8741904501080681
24,0.25,b,0.8602171492589261,0.8585513448857442
24,0.25,bp,0.8434084778055991,0.8416761221952319
24,0.25,c,0.8735508787470451,0.872001053894837
24,0.25,cp,0.8599383691051476,0.8582096407713098
24,0.125,a,0.9344033703733202,0.9318041615034403
24,0.125,d,0.8641658400461177,0.861667868669082
24,0.125,e,0.8402000507651173,0.8381427764700902
24,0.125,d_bd,0.8269275386019027,0.8249052826504955
24,0.125,b,0.8048254639408008,0.8028495758905417
24,0.125,bp,0.7865478882233922,0.7846038882802259
24,0.125,c,0.8234615593423399,0.8214420822835061
24,0.125,cp,0.807310723427504,0.805252428396157
25,0.5,a,0.9891879672547009,0.9883833517769935
25,0.5,d,0.9374333205194074,0.9353565415934983
25,0.5,e,0.9281729534351185,0.927024261248374
25,0.5,d_bd,0.9220584898910039,0.9209210449154325
25,0.5,b,0.915370355609621,0.914244461461425
25,0.5,bp,0.8966149367539583,0.8949994552798155
25,0.5,c,0.9212976910788025,0.9201831585185685
25,0.5,cp,0.9054040079006768,0.9038069793362314
25,0.25,a,0.9509815649091934,0.9481608067394727
25,0.25,d,0.8727372872686003,0.8691024519296909
25,0.25,e,0.8549304417062535,0.8525493856229709
25,0.25,d_bd,0.8453738172430675,0.8429631673809056
25,0.25,b,0.8321999529586279,0.8297212577978177
25,0.25,bp,0.8178844638461575,0.8150506326609429
25,0.25,c,0.8435435252763864,0.8411530818486441
25,0.25,cp,0.8308757011344253,0.8281419030726603
25,0.125,a,0.9053050450672884,0.9011783970973499
25,0.125,d,0.8270902458718378,0.8232400329915793
25,0.125,e,0.8052993293906009,0.8021948140585392
25,0.125,d_bd,0.7941843145271111,0.790954225250669
25,0.125,b,0.7768484113697138,0.7735012917629505
25,0.125,bp,0.7645907023314313,0.7612230285141912
25,0.125,c,0.7916054116425658,0.7884137579556779
25,0.125,cp,0.7800719873093283,0.7767298175130402
26,0.5,a,0.9920870900744246,0.9914925847583573
26,0.5,d,0.9486966098738839,0.9471619238296202
26,0.5,e,0.9399739723747376,0.9391367056834429
26,0.5,d_bd,0.9334747872652257,0.9326703502381906
26,0.5,b,0.9258896879958988,0.9250494571135435
26,0.5,bp,0.9088788234693178,0.9077758858812738
26,0.5,c,0.9326405068760698,0.9318886975919312
26,0.5,cp,0.9189306809211264,0.9179032950961398
26,0.25,a,0.9625244048090759,0.9603775266311685
26,0.25,d,0.8930226579282861,0.8904134567005745
26,0.25,e,0.8761195658107283,0.8744713653960292
26,0.25,d_bd,0.8653139828509125,0.8635291040050889
26,0.25,b,0.8498212617665604,0.8479977932438649
26,0.25,bp,0.8336405205736289,0.8317355886117853
26,0.25,c,0.8633005275970641,0.8615330372508939
26,0.25,cp,0.8499298904901795,0.8480671920784046
26,0.125,a,0.9260855116660411,0.9229546556474034
26,0.125,d,0.8516196961638066,0.8488337154428146
26,0.125,e,0.8294946260066639,0.8272924901973725
26,0.125,d_bd,0.8154111368207853,0.8131928911210516
26,0.125,b,0.793550850258569,0.7914063038306867
26,0.125,bp,0.7772167814742036,0.775048772320128
26,0.125,c,0.8122566224109884,0.8100740037585057
26,0.125,cp,0.7975820825458545,0.7953308233311911
27,0.5,a,0.9881943105226474,0.9873162926988402
27,0.5,d,0.93260347924396,0.9301748829885959
27,0.5,e,0.9242921804489184,0.9230277315413811
27,0.5,d_bd,0.9180783305515287,0.9168190350025484
27,0.5,b,0.9110012156810503,0.9096533507573583
27,0.5,bp,0.8990794126464702,0.8973849471104005
27,0.5,c,0.917389937004566,0.9161288515607289
27,0.5,cp,0.9075402841648509,0.9059915304550334
27,0.25,a,0.9498653778248007,0.9470174688391063
27,0.25,d,0.8713699540869414,0.8678156626885206
27,0.25,e,0.8578019079005755,0.855515273656962
27,0.25,d_bd,0.8485199785193466,0.8461453527463068
27,0.25,b,0.8360062737223661,0.8334545889781971
27,0.25,bp,0.8273951187324182,0.8245874958031366
27,0.25,c,0.8470951425172354,0.8447048546092333
27,0.25,cp,0.8395945944257631,0.8368924982400671
27,0.125,a,0.9062520705682822,0.9022022953583625
27,0.125,d,0.8291859103043452,0.825538924548865
27,0.125,e,0.8136574215172381,0.8107650606665885
27,0.125,d_bd,0.802416585774122,0.7992959925274946
27,0.125,b,0.7861485517232875,0.782977197470073
27,0.125,bp,0.7794727951802424,0.7760706027921254
27,0.125,c,0.8005674702185527,0.7973997688141375
27,0.125,cp,0.794248744847838,0.7908680864732611
28,0.5,a,0.9895536408036713,0.9887971471936274
28,0.5,d,0.9367556321567472,0.934559551193909
28,0.5,e,0.9286060445169958,0.9273374787209302
28,0.5,d_bd,0.9220568024398216,0.920798013478876
28,0.5,b,0.9148540499433072,0.9134968403441022
28,0.5,bp,0.9017583955247318,0.9000021360946948
28,0.5,c,0.9213829586888532,0.9201438406563459
28,0.5,cp,0.9105989325144245,0.9090081310293133
28,0.25,a,0.9539215516951388,0.9512887521277704
28,0.25,d,0.8763601717683757,0.8729369697900615
28,0.25,e,0.8621376333134406,0.8598650617280041
28,0.25,d_bd,0.8520411405196349,0.8495979037124715
28,0.25,b,0.8383098073578089,0.8356249055265198
28,0.25,bp,0.8282862219612701,0.8254036226451215
28,0.25,c,0.8504841195491802,0.8480553954452342
28,0.25,cp,0.841633269934105,0.8389357479314572
28,0.125,a,0.912356931552048,0.9086460873097778
28,0.125,d,0.8334311745834281,0.8297488267033875
28,0.125,e,0.816138192067441,0.813182430880801
28,0.125,d_bd,0.803547657599683,0.8003418941943413
28,0.125,b,0.784912545228179,0.7817359310932749
28,0.125,bp,0.7755599168250566,0.7721864023817395
28,0.125,c,0.8013718889002152,0.7981194277584865
28,0.125,cp,0.7925973680531953,0.7892011481191352
29,0.5,a,0.9922095243989077,0.9916539468649588
29,0.5,d,0.9489697593341032,0.9474105826351967
29,0.5,e,0.9415290153619252,0.9406467233229873
29,0.5,d_bd,0.9349851561921954,0.9340257327363832
29,0.5,b,0.9278838313904492,0.9268803111626095
29,0.5,bp,0.9100319601927662,0.9086454878315635
29,0.5,c,0.9342842841970005,0.9333511654786392
29,0.5,cp,0.9200416460142881,0.9187913416750727
29,0.25,a,0.9640686341579952,0.9621223047431507
29,0.25,d,0.8950841890152457,0.8924049222228599
29,0.25,e,0.8790040010368932,0.8771284594510445
29,0.25,d_bd,0.8678414681866398,0.8657578763183198
29,0.25,b,0.8521067241794168,0.8499005949230669
29,0.25,bp,0.8360347506636593,0.8334865845354218
29,0.25,c,0.8658759481974645,0.8638247661012897
29,0.25,cp,0.8523654894471921,0.8500157600391183
29,0.125,a,0.9292198389197054,0.9263158911613183
29,0.125,d,0.853821950608083,0.8507302714549749
29,0.125,e,0.8321667351031122,0.8295877215777239
29,0.125,d_bd,0.8177231977890098,0.8148061379425275
29,0.125,b,0.7951997309622271,0.7922480262397225
29,0.125,bp,0.7811979002819027,0.7780175156635615
29,0.125,c,0.8146835940989405,0.811755316980292
29,0.125,cp,0.8010828527429862,0.7979593874785635
30,0.5,a,0.9900593681703097,0.9893999975367553
30,0.5,d,0.9382416774272268,0.9362823879388004
30,0.5,e,0.9307038386199923,0.9296176912401763
30,0.5,d_bd,0.9239667034004538,0.9228606538762253
30,0.5,b,0.9165275741543903,0.9153679354258453
30,0.5,bp,0.9041316489295458,0.9027467786931747
30,0.5,c,0.9232848185408887,0.9221862636997968
30,0.5,cp,0.9131352446830266,0.911856935640741
30,0.25,a,0.9569696175128523,0.9547880445940377
30,0.25,d,0.8801762066949326,0.8772305841625936
30,0.25,e,0.8665467786022005,0.864621246800658
30,0.25,d_bd,0.8559457154193985,0.8538932599624097
30,0.25,b,0.8417022352082929,0.8394890087827868
30,0.25,bp,0.8318866677108527,0.8294941034650481
30,0.25,c,0.8543948789709805,0.8523613323145455
30,0.25,cp,0.8458708714117886,0.843738304668173
30,0.125,a,0.9180519225462682,0.9149716088494859
30,0.125,d,0.8380569203382686,0.8348384534477844
30,0.125,e,0.8212981784525458,0.818893846036228
30,0.125,d_bd,0.8078874043758303,0.8051673813184669
30,0.125,b,0.788892382809429,0.7860606321043229
30,0.125,bp,0.7811405480906916,0.7782322738538349
30,0.125,c,0.8056669432798157,0.8029067079065187
30,0.125,cp,0.798404093094586,0.7954902419625864
31,0.5,a,0.9946194907910769,0.9942467150971269
31,0.5,d,0.9553398763800957,0.9537596492206628
31,0.5,e,0.9497006943419555,0.9486389053617575
31,0.5,d_bd,0.9417142247672421,0.9405022931503616
31,0.5,b,0.9332277130160056,0.9318531994688376
31,0.5,bp,0.9209329788444425,0.9193606651934275
31,0.5,c,0.9408075158830361,0.93960173157059
31,0.5,cp,0.9318128963481834,0.9304959340681827
31,0.25,a,0.9749397263855683,0.9736065544284296
31,0.25,d,0.9098827662557704,0.9073582432232904
31,0.25,e,0.8966949870935549,0.8946593836403205
31,0.25,d_bd,0.8830245147606315,0.8807074286776779
31,0.25,b,0.8644795009334746,0.8616749613773366
31,0.25,bp,0.8508446469928851,0.8476670899118985
31,0.25,c,0.8808811386276197,0.8785616805273425
31,0.25,cp,0.8703753897376243,0.8678192665507853
31,0.125,a,0.9495415911282682,0.9475735528331931
31,0.125,d,0.8723730540613562,0.869256790665894
31,0.125,e,0.8520239517271969,0.8491749946700712
31,0.125,d_bd,0.8334941643227798,0.8299243598883234
31,0.125,b,0.8065937060912302,0.8023785091994301
31,0.125,bp,0.7930841079048228,0.7886571600558319
31,0.125,c,0.8301125866339645,0.8264774565504245
31,0.125,cp,0.8177711655790764,0.8137902937735331
