src,rho,method,layer,kl,relL2
c4,0.125,a,0,3.1513234773683505e-07,0.00037066699471324685
c4,0.125,a,1,0.00028274098585825416,0.021633303947746752
c4,0.125,a,2,0.0038004499906674027,0.13259909108281134
c4,0.125,a,3,0.007436750689521432,0.2006578129529953
c4,0.125,a,4,0.010295522380620242,0.2111758014559746
c4,0.125,a,5,0.011065815072506667,0.21731596142053605
c4,0.125,a,6,0.019083545170724393,0.24147703230381012
c4,0.125,a,7,0.01991308145225048,0.254678096473217
c4,0.125,a,8,0.024063345305621625,0.2538806790113449
c4,0.125,a,9,0.02755098566412926,0.2483821251988411
c4,0.125,a,10,0.029873418807983398,0.24800425827503203
c4,0.125,a,11,0.03465633925050497,0.2895591139793396
c4,0.125,a,12,0.02935215160250664,0.25342206537723544
c4,0.125,a,13,0.028025409504771233,0.22717076390981675
c4,0.125,a,14,0.03275573447346687,0.2585125121474266
c4,0.125,a,15,0.038268880657851695,0.29072888910770417
c4,0.125,a,16,0.03119581162929535,0.22588902115821838
c4,0.125,a,17,0.029666429199278355,0.2883944112062454
c4,0.125,a,18,0.028477987237274648,0.31692813098430633
c4,0.125,a,19,0.026779906302690507,0.30912683069705965
c4,0.125,a,20,0.028579133003950118,0.24682153701782228
c4,0.125,a,21,0.02926866564899683,0.3442133629322052
c4,0.125,a,22,0.03666563998907804,0.3383109498023987
c4,0.125,a,23,0.036952635049819944,0.38908726334571836
c4,0.125,a,24,0.0363275183737278,0.29825201630592346
c4,0.125,a,25,0.041555037051439286,0.4099970757961273
c4,0.125,a,26,0.04274968221783638,0.31255528807640076
c4,0.125,a,27,0.044704333767294886,0.3953939801454544
c4,0.125,a,28,0.050129126086831094,0.36670302748680117
c4,0.125,a,29,0.04331554755568504,0.27348948806524276
c4,0.125,a,30,0.0403426780551672,0.31634179532527923
c4,0.125,a,31,0.06761228814721107,0.27685350030660627
c4,0.125,b,0,0.05068634144961834,0.31383702754974363
c4,0.125,b,1,0.13156323581933976,0.5611107277870179
c4,0.125,b,2,0.05522389888763428,0.6217875921726227
c4,0.125,b,3,0.05750212132930756,0.6321041321754456
c4,0.125,b,4,0.07116215959191323,0.6746356630325318
c4,0.125,b,5,0.08258324548602104,0.6052856945991516
c4,0.125,b,6,0.13501208037137985,0.6649483025074006
c4,0.125,b,7,0.15650613263249397,0.703841382265091
c4,0.125,b,8,0.16135056883096696,0.7084207475185395
c4,0.125,b,9,0.19186995506286622,0.7416654670238495
c4,0.125,b,10,0.2425178024172783,0.742657859325409
c4,0.125,b,11,0.2284092152118683,0.6990319561958312
c4,0.125,b,12,0.2206161919236183,0.7518182289600372
c4,0.125,b,13,0.20753460109233857,0.6522527587413788
c4,0.125,b,14,0.26252038806676864,0.6767322945594788
c4,0.125,b,15,0.23974184304475785,0.6990981435775757
c4,0.125,b,16,0.2433514851331711,0.6170862734317779
c4,0.125,b,17,0.24421086221933364,0.7537549757957458
c4,0.125,b,18,0.1607361775636673,0.7557658767700195
c4,0.125,b,19,0.1794933333992958,0.7478393161296845
c4,0.125,b,20,0.19853303611278533,0.6516735422611236
c4,0.125,b,21,0.1710576993227005,0.7373907840251923
c4,0.125,b,22,0.19605472326278686,0.7695171844959259
c4,0.125,b,23,0.16382693350315095,0.7346917879581452
c4,0.125,b,24,0.19433655709028244,0.656776933670044
c4,0.125,b,25,0.1678159788250923,0.7795425963401794
c4,0.125,b,26,0.1969750264286995,0.6231190466880798
c4,0.125,b,27,0.17658960908651353,0.7621884155273437
c4,0.125,b,28,0.19797539621591567,0.6844794464111328
c4,0.125,b,29,0.2198469915986061,0.6058557879924774
c4,0.125,b,30,0.20468256920576094,0.6701773345470429
c4,0.125,b,31,0.3245457965135574,0.6449842953681946
c4,0.125,bp,0,0.05664589807391167,0.3269990062713623
c4,0.125,bp,1,0.15738639026880263,0.6605257356166839
c4,0.125,bp,2,0.05948831468820572,0.6430255472660065
c4,0.125,bp,3,0.07008573725819588,0.67262788772583
c4,0.125,bp,4,0.08562683701515197,0.7205404913425446
c4,0.125,bp,5,0.09779118865728378,0.6518384170532227
c4,0.125,bp,6,0.2217479255795479,0.7899104952812195
c4,0.125,bp,7,0.24788399308919906,0.7915031456947327
c4,0.125,bp,8,0.2292309245467186,0.7801273763179779
c4,0.125,bp,9,0.2445684379339218,0.7883002531528472
c4,0.125,bp,10,0.3337450018525124,0.8311417949199676
c4,0.125,bp,11,0.3947833305597305,0.7956856215000152
c4,0.125,bp,12,0.32829412937164304,0.8577736032009124
c4,0.125,bp,13,0.30057415962219236,0.7352050685882568
c4,0.125,bp,14,0.47938968300819396,0.8360543990135193
c4,0.125,bp,15,0.32901612401008606,0.7700135278701782
c4,0.125,bp,16,0.34851083099842073,0.7256142830848694
c4,0.125,bp,17,0.3324584484100342,0.83471351146698
c4,0.125,bp,18,0.21870751589536666,0.8312051284313202
c4,0.125,bp,19,0.24302144557237626,0.8239080274105072
c4,0.125,bp,20,0.27041006207466123,0.739993085861206
c4,0.125,bp,21,0.2425354912877083,0.8312201976776123
c4,0.125,bp,22,0.2394101557135582,0.8101187193393707
c4,0.125,bp,23,0.20482181876897812,0.77966876745224
c4,0.125,bp,24,0.2575233834981918,0.7205946457386017
c4,0.125,bp,25,0.21442944347858428,0.8331927168369293
c4,0.125,bp,26,0.25535510152578356,0.6857659351825715
c4,0.125,bp,27,0.19249146342277526,0.8084538090229034
c4,0.125,bp,28,0.23521973371505736,0.7374227595329285
c4,0.125,bp,29,0.2928483307361603,0.6785747694969178
c4,0.125,bp,30,0.22534438282251357,0.6808748543262482
c4,0.125,bp,31,0.3899674266576767,0.7976670217514038
c4,0.125,c,0,0.030447106622159482,0.1934402510523796
c4,0.125,c,1,0.08533202469348908,0.4775510859489441
c4,0.125,c,2,0.04369385495781899,0.5502603769302368
c4,0.125,c,3,0.047175100073218346,0.5885702979564666
c4,0.125,c,4,0.058532456308603285,0.605885181427002
c4,0.125,c,5,0.06803717002272607,0.5475833737850189
c4,0.125,c,6,0.11850709095597267,0.6211183202266694
c4,0.125,c,7,0.12995443776249885,0.6591757369041443
c4,0.125,c,8,0.13679465025663376,0.6530712866783142
c4,0.125,c,9,0.16069659620523452,0.6634881341457367
c4,0.125,c,10,0.19753845542669296,0.6813268673419952
c4,0.125,c,11,0.1916119685769081,0.657552011013031
c4,0.125,c,12,0.18819251239299775,0.68953568816185
c4,0.125,c,13,0.18351653844118118,0.6112855684757232
c4,0.125,c,14,0.22689613193273545,0.6363876044750214
c4,0.125,c,15,0.2122577366232872,0.6639658308029175
c4,0.125,c,16,0.20897898972034454,0.5720325374603271
c4,0.125,c,17,0.23154653191566468,0.7125297176837921
c4,0.125,c,18,0.14337287127971649,0.6911212742328644
c4,0.125,c,19,0.16141292184591294,0.7042342829704284
c4,0.125,c,20,0.1780143305659294,0.6313130068778992
c4,0.125,c,21,0.1606869262456894,0.7186047196388244
c4,0.125,c,22,0.17605578988790513,0.729688149690628
c4,0.125,c,23,0.15273489341139793,0.7113954973220825
c4,0.125,c,24,0.17333014726638793,0.6212083327770234
c4,0.125,c,25,0.1516627275943756,0.7518210089206696
c4,0.125,c,26,0.17490077912807464,0.5885567653179169
c4,0.125,c,27,0.16131533801555634,0.7187194764614105
c4,0.125,c,28,0.1851072096824646,0.6607968890666962
c4,0.125,c,29,0.1999979215860367,0.5901791226863861
c4,0.125,c,30,0.1850254651904106,0.6471420729160309
c4,0.125,c,31,0.28227161169052123,0.6184414649009704
c4,0.125,d,0,0.006203653011471033,0.06703057274222374
c4,0.125,d,1,0.03129709083586931,0.2914391630887985
c4,0.125,d,2,0.019957491010427476,0.399601069688797
c4,0.125,d,3,0.02550607845187187,0.44679577589035036
c4,0.125,d,4,0.028285073786973952,0.42006984233856204
c4,0.125,d,5,0.03699004575610161,0.4089632433652878
c4,0.125,d,6,0.05578070841729641,0.4344212228059769
c4,0.125,d,7,0.0612134899944067,0.4707788687944412
c4,0.125,d,8,0.06837532468140126,0.46681406438350675
c4,0.125,d,9,0.084279223382473,0.4841739785671234
c4,0.125,d,10,0.10297940403223038,0.5844765937328339
c4,0.125,d,11,0.08744397535920143,0.4651319980621338
c4,0.125,d,12,0.08744233638048172,0.4774020254611969
c4,0.125,d,13,0.08878293111920357,0.4379850125312805
c4,0.125,d,14,0.10146248385310173,0.4541328525543213
c4,0.125,d,15,0.11078261345624923,0.5067966055870056
c4,0.125,d,16,0.10210119873285294,0.4172071623802185
c4,0.125,d,17,0.10773925185203552,0.5713754457235336
c4,0.125,d,18,0.07901196159422398,0.5357966953516007
c4,0.125,d,19,0.0841993498057127,0.553518283367157
c4,0.125,d,20,0.09251007601618767,0.45654154658317564
c4,0.125,d,21,0.0873439408838749,0.5833306634426116
c4,0.125,d,22,0.10264661982655525,0.5697601330280304
c4,0.125,d,23,0.10000436291098595,0.6328962349891663
c4,0.125,d,24,0.10094172462821006,0.5024747240543366
c4,0.125,d,25,0.09764384210109711,0.6420589542388916
c4,0.125,d,26,0.10391173273324966,0.4831615483760834
c4,0.125,d,27,0.11238328620791435,0.6250674569606781
c4,0.125,d,28,0.11819219887256623,0.5793184226751328
c4,0.125,d,29,0.11052485272288322,0.46154520750045774
c4,0.125,d,30,0.11654476150870323,0.5570456159114837
c4,0.125,d,31,0.16780958890914918,0.4141699486970902
c4,0.25,a,0,5.647298195299299e-08,0.00022929963277420028
c4,0.25,a,1,2.06736893960624e-05,0.0058274969924241304
c4,0.25,a,2,0.0012166387122124435,0.07127043053507805
c4,0.25,a,3,0.0037391278799623253,0.13837685331702232
c4,0.25,a,4,0.005227086674422026,0.149740631878376
c4,0.25,a,5,0.005922094201669097,0.16336523085832597
c4,0.25,a,6,0.01047248838469386,0.1901276272535324
c4,0.25,a,7,0.011260417625308036,0.1999031984806061
c4,0.25,a,8,0.013101096134632825,0.2048387795686722
c4,0.25,a,9,0.015728796403855085,0.18876687824726104
c4,0.25,a,10,0.01600219864398241,0.18014479339122771
c4,0.25,a,11,0.018180768452584744,0.22882557213306426
c4,0.25,a,12,0.016297247353941204,0.19366759926080704
c4,0.25,a,13,0.014895952884107827,0.16692457258701324
c4,0.25,a,14,0.01770601822063327,0.19196167707443237
c4,0.25,a,15,0.022572749629616737,0.22465865612030028
c4,0.25,a,16,0.017186716254800557,0.16709387063980102
c4,0.25,a,17,0.0156721106544137,0.19338954538106917
c4,0.25,a,18,0.016754605062305927,0.2305551478266716
c4,0.25,a,19,0.014576134569942951,0.21372980177402495
c4,0.25,a,20,0.015479343924671412,0.17152796119451522
c4,0.25,a,21,0.01408568598330021,0.21588264137506485
c4,0.25,a,22,0.019121332243084908,0.23301132172346115
c4,0.25,a,23,0.018897978737950325,0.2548483633995056
c4,0.25,a,24,0.018967982307076456,0.1962904688715935
c4,0.25,a,25,0.023422652669250966,0.28220212578773496
c4,0.25,a,26,0.025325443409383298,0.22952392250299453
c4,0.25,a,27,0.024303870983421804,0.2746995383501053
c4,0.25,a,28,0.02890546042472124,0.24941443890333176
c4,0.25,a,29,0.02353397022932768,0.19129927188158036
c4,0.25,a,30,0.02124114543199539,0.21137626677751542
c4,0.25,a,31,0.03753151834011078,0.16770397543907165
c4,0.25,b,0,0.019403218049556015,0.16493385553359985
c4,0.25,b,1,0.05882067792117596,0.3465397256612778
c4,0.25,b,2,0.030913127548992635,0.45621021270751955
c4,0.25,b,3,0.030526894219219683,0.4876137828826904
c4,0.25,b,4,0.041244053542613984,0.5181547504663467
c4,0.25,b,5,0.04705420315265656,0.4605225849151611
c4,0.25,b,6,0.06810975179076195,0.482471832036972
c4,0.25,b,7,0.07834923654794693,0.543112405538559
c4,0.25,b,8,0.08632120862603188,0.5524324595928192
c4,0.25,b,9,0.11241172835230827,0.6367004632949829
c4,0.25,b,10,0.14223218768835066,0.6178426110744476
c4,0.25,b,11,0.11001719191670417,0.5439921283721924
c4,0.25,b,12,0.12352833569049836,0.5727255392074585
c4,0.25,b,13,0.11956468909978867,0.5188431066274642
c4,0.25,b,14,0.1438979336619377,0.539809519648552
c4,0.25,b,15,0.1392628724873066,0.5685100936889649
c4,0.25,b,16,0.13759757518768312,0.4809365338087082
c4,0.25,b,17,0.14989766538143157,0.6365458965301514
c4,0.25,b,18,0.09656509801745415,0.6065247476100921
c4,0.25,b,19,0.1040406347811222,0.6035057294368744
c4,0.25,b,20,0.11837991297245026,0.5108651065826416
c4,0.25,b,21,0.10044715896248818,0.6114292240142822
c4,0.25,b,22,0.12257695898413658,0.6462119436264038
c4,0.25,b,23,0.09819829687476159,0.6145166504383087
c4,0.25,b,24,0.11426407486200332,0.5323747342824936
c4,0.25,b,25,0.10001282274723053,0.6611357116699219
c4,0.25,b,26,0.11843027368187904,0.5020726829767227
c4,0.25,b,27,0.1152870962023735,0.6269001078605652
c4,0.25,b,28,0.13158172771334647,0.5945734924077988
c4,0.25,b,29,0.13041752725839614,0.49014563143253326
c4,0.25,b,30,0.13852430179715156,0.5824015682935715
c4,0.25,b,31,0.2012052443623543,0.4441175442934036
c4,0.25,bp,0,0.02119536068290472,0.17075408399105071
c4,0.25,bp,1,0.07554651156067849,0.4014138603210449
c4,0.25,bp,2,0.038477756269276145,0.5193363344669342
c4,0.25,bp,3,0.041575257256627085,0.5529801350831985
c4,0.25,bp,4,0.05279061071574688,0.587285087108612
c4,0.25,bp,5,0.05803668014705181,0.5217969876527786
c4,0.25,bp,6,0.11199258342385292,0.6102683353424072
c4,0.25,bp,7,0.1316238322854042,0.6647701358795166
c4,0.25,bp,8,0.13036370381712914,0.6360413444042206
c4,0.25,bp,9,0.14908820807933806,0.680369621515274
c4,0.25,bp,10,0.19354138523340225,0.6991906595230103
c4,0.25,bp,11,0.22760953307151793,0.6859508669376373
c4,0.25,bp,12,0.20245813429355622,0.7320551800727845
c4,0.25,bp,13,0.17903297930955886,0.6123735105991364
c4,0.25,bp,14,0.27635978430509567,0.692349568605423
c4,0.25,bp,15,0.20004448682069778,0.6510586416721345
c4,0.25,bp,16,0.2055646613240242,0.5814243412017822
c4,0.25,bp,17,0.20841187119483948,0.714392900466919
c4,0.25,bp,18,0.13233362138271332,0.7031569516658783
c4,0.25,bp,19,0.15569964468479155,0.7101817321777344
c4,0.25,bp,20,0.17112652823328972,0.6195124495029449
c4,0.25,bp,21,0.1519527915120125,0.7132329332828522
c4,0.25,bp,22,0.15999951615929603,0.7147455739974976
c4,0.25,bp,23,0.12912953317165374,0.6724662244319916
c4,0.25,bp,24,0.16607071161270143,0.6244329607486725
c4,0.25,bp,25,0.14059179916977882,0.7362790429592132
c4,0.25,bp,26,0.16329625070095063,0.569743504524231
c4,0.25,bp,27,0.13021152704954148,0.6747949707508087
c4,0.25,bp,28,0.15132252097129822,0.6171276998519898
c4,0.25,bp,29,0.18524667531251907,0.5631381720304489
c4,0.25,bp,30,0.1558719888329506,0.5866513669490814
c4,0.25,bp,31,0.2503959310054779,0.5656716293096542
c4,0.25,c,0,0.009946268601343036,0.10807487204670906
c4,0.25,c,1,0.03680764265358448,0.29167193472385405
c4,0.25,c,2,0.023601514175534247,0.3953382223844528
c4,0.25,c,3,0.025295110456645488,0.4428531575202942
c4,0.25,c,4,0.03328896794468164,0.4654199707508087
c4,0.25,c,5,0.039209690690040586,0.41860298335552215
c4,0.25,c,6,0.05971268609166145,0.45314803838729856
c4,0.25,c,7,0.06577505379915237,0.4951892441511154
c4,0.25,c,8,0.07217971630394458,0.4991100072860718
c4,0.25,c,9,0.09306697338819504,0.5642482888698578
c4,0.25,c,10,0.11499737486243249,0.5511051976680755
c4,0.25,c,11,0.09385897755622864,0.5111674273014069
c4,0.25,c,12,0.10575670897960662,0.5340802645683289
c4,0.25,c,13,0.1059556034207344,0.4783000898361206
c4,0.25,c,14,0.12180740132927895,0.49143097281455994
c4,0.25,c,15,0.12217964187264442,0.5339572513103485
c4,0.25,c,16,0.11596100524067879,0.4402390122413635
c4,0.25,c,17,0.13950057864189147,0.584159471988678
c4,0.25,c,18,0.08551905512809753,0.563872172832489
c4,0.25,c,19,0.09099380344152451,0.5646240973472595
c4,0.25,c,20,0.10455990463495254,0.48753101110458374
c4,0.25,c,21,0.09604446217417717,0.5935416531562805
c4,0.25,c,22,0.1108950287103653,0.6224374091625213
c4,0.25,c,23,0.09402763992547988,0.6003256928920746
c4,0.25,c,24,0.10538605913519859,0.5179942423105239
c4,0.25,c,25,0.09582533046603203,0.6505638134479522
c4,0.25,c,26,0.10912467122077942,0.4878600966930389
c4,0.25,c,27,0.10698017477989197,0.6093859159946442
c4,0.25,c,28,0.11947466969490052,0.5682625305652619
c4,0.25,c,29,0.12126652970910072,0.4815226972103119
c4,0.25,c,30,0.1253380312025547,0.5637825697660446
c4,0.25,c,31,0.17521529048681259,0.4211101818084717
c4,0.25,d,0,0.0012492469698190689,0.02886790931224823
c4,0.25,d,1,0.01076369484886527,0.14371206670999526
c4,0.25,d,2,0.01067481653764844,0.2687175065279007
c4,0.25,d,3,0.014482398312538862,0.31648368537425997
c4,0.25,d,4,0.0171417922526598,0.3167953026294708
c4,0.25,d,5,0.02245828550308943,0.3132107377052307
c4,0.25,d,6,0.0326033727824688,0.3221612954139709
c4,0.25,d,7,0.03621716111898422,0.366036736369133
c4,0.25,d,8,0.04094121783971787,0.34844494104385376
c4,0.25,d,9,0.05317507430911064,0.38246085822582243
c4,0.25,d,10,0.06447624944150449,0.46933201372623445
c4,0.25,d,11,0.054603439643979075,0.3825223797559738
c4,0.25,d,12,0.05518550083041191,0.36777706801891324
c4,0.25,d,13,0.05610836945474148,0.3478125989437103
c4,0.25,d,14,0.0652013048529625,0.36973961651325227
c4,0.25,d,15,0.07018360525369643,0.40737116932868955
c4,0.25,d,16,0.06183326683938503,0.3273491185903549
c4,0.25,d,17,0.0656413833796978,0.46246584713459016
c4,0.25,d,18,0.05184810355305672,0.43721091270446777
c4,0.25,d,19,0.05142763935029507,0.4412573003768921
c4,0.25,d,20,0.05648600392043591,0.3623467445373535
c4,0.25,d,21,0.05251458309590817,0.4674137258529663
c4,0.25,d,22,0.06556552484631538,0.4632900160551071
c4,0.25,d,23,0.06469998128712177,0.5265883457660675
c4,0.25,d,24,0.0649788273125887,0.4148647749423981
c4,0.25,d,25,0.0671328742802143,0.5354299521446229
c4,0.25,d,26,0.0702521988749504,0.4052248513698578
c4,0.25,d,27,0.0765989276766777,0.5379364866018296
c4,0.25,d,28,0.08098762154579163,0.48803255379199983
c4,0.25,d,29,0.07374101296067238,0.3815276080369949
c4,0.25,d,30,0.0792600965499878,0.4752884221076965
c4,0.25,d,31,0.10955585867166519,0.32105992138385775
c4,0.5,a,0,1.2732026988260259e-08,0.0001757652676315047
c4,0.5,a,1,7.675879362523119e-07,0.0009914040996227412
c4,0.5,a,2,6.08874475437915e-05,0.017802179232239722
c4,0.5,a,3,0.0008801498159300535,0.06634181387722492
c4,0.5,a,4,0.0009369140258058906,0.06630592770874501
c4,0.5,a,5,0.0015853657852858305,0.08669192090630531
c4,0.5,a,6,0.003222949644550681,0.1120738960802555
c4,0.5,a,7,0.003150510359555483,0.11482084989547729
c4,0.5,a,8,0.0039673917228356,0.13729942306876183
c4,0.5,a,9,0.005291226878762245,0.11633214756846427
c4,0.5,a,10,0.004479366238228977,0.0990739743411541
c4,0.5,a,11,0.0047861150186508895,0.12787820756435395
c4,0.5,a,12,0.0056326493341475724,0.11953953012824059
c4,0.5,a,13,0.004949016990140081,0.10168398648500443
c4,0.5,a,14,0.005578363360837102,0.11226488679647445
c4,0.5,a,15,0.007679314576089382,0.13176724836230277
c4,0.5,a,16,0.005698430407792329,0.09856225907802582
c4,0.5,a,17,0.005842578243464232,0.119537955224514
c4,0.5,a,18,0.007157638287171721,0.14687784671783446
c4,0.5,a,19,0.006051741437986493,0.1422646963596344
c4,0.5,a,20,0.006168083809316158,0.11154710158705711
c4,0.5,a,21,0.005179537581279874,0.12449482500553131
c4,0.5,a,22,0.007761795939877629,0.14056501895189286
c4,0.5,a,23,0.007402474386617541,0.14308588832616806
c4,0.5,a,24,0.006574624050408602,0.1106897197663784
c4,0.5,a,25,0.010421654339879752,0.19198705673217772
c4,0.5,a,26,0.011050218492746353,0.1497037672996521
c4,0.5,a,27,0.009835336059331894,0.1627541473507881
c4,0.5,a,28,0.012693070881068707,0.1493763104081154
c4,0.5,a,29,0.008745126221328973,0.11722702249884605
c4,0.5,a,30,0.007882621493190528,0.11597811698913574
c4,0.5,a,31,0.006356754377484322,0.051186807453632355
c4,0.5,b,0,0.003443189556710422,0.0714503676444292
c4,0.5,b,1,0.013203282598406077,0.1856519091129303
c4,0.5,b,2,0.009927666690200567,0.23924742728471757
c4,0.5,b,3,0.012126820143312216,0.2747643491625786
c4,0.5,b,4,0.016825073566287756,0.3219252419471741
c4,0.5,b,5,0.018759224712848663,0.2750595733523369
c4,0.5,b,6,0.02292673248797655,0.27363104045391085
c4,0.5,b,7,0.025451325364410877,0.3174157792329788
c4,0.5,b,8,0.029916374161839485,0.3279122626781464
c4,0.5,b,9,0.04348674908280373,0.4544609707593918
c4,0.5,b,10,0.0546827682107687,0.44175072133541105
c4,0.5,b,11,0.03280844427645206,0.30641895592212676
c4,0.5,b,12,0.04498521842062473,0.3624291038513184
c4,0.5,b,13,0.047404047846794126,0.3564242202043533
c4,0.5,b,14,0.05151030220091343,0.36540646135807037
c4,0.5,b,15,0.053564104810357095,0.3592646551132202
c4,0.5,b,16,0.048971077129244804,0.2908063143491745
c4,0.5,b,17,0.0509125941991806,0.41413065254688264
c4,0.5,b,18,0.03841017622500658,0.3789656746387482
c4,0.5,b,19,0.034940804690122604,0.365125287771225
c4,0.5,b,20,0.039824703708291054,0.31608610689640043
c4,0.5,b,21,0.029800897799432277,0.36007080376148226
c4,0.5,b,22,0.050167771130800246,0.45218579649925233
c4,0.5,b,23,0.038115088939666746,0.4127759999036789
c4,0.5,b,24,0.040717798396945,0.3360068506002426
c4,0.5,b,25,0.036427420750260356,0.4105592042207718
c4,0.5,b,26,0.04485203318297863,0.3273659920692444
c4,0.5,b,27,0.04915705323219299,0.43387224853038786
c4,0.5,b,28,0.05322572082281113,0.40187209606170654
c4,0.5,b,29,0.048419486880302426,0.3068999063968658
c4,0.5,b,30,0.0650300158560276,0.4194959759712219
c4,0.5,b,31,0.08135778531432152,0.25969934701919556
c4,0.5,bp,0,0.004025657158344984,0.07906942673027516
c4,0.5,bp,1,0.020341872237622738,0.21732067435979843
c4,0.5,bp,2,0.016699635051190855,0.32062943279743195
c4,0.5,bp,3,0.018166989870369434,0.3610739803314209
c4,0.5,bp,4,0.02450567327439785,0.3963087522983551
c4,0.5,bp,5,0.028308795392513277,0.35090521156787874
c4,0.5,bp,6,0.04514047130942345,0.39283387899398803
c4,0.5,bp,7,0.04948157876729965,0.44525551319122314
c4,0.5,bp,8,0.053823283538222313,0.427324937582016
c4,0.5,bp,9,0.07016058586537838,0.5453960818052291
c4,0.5,bp,10,0.08857520148158074,0.5096321260929108
c4,0.5,bp,11,0.08772921673953533,0.48958075523376465
c4,0.5,bp,12,0.0899316817522049,0.5009608483314514
c4,0.5,bp,13,0.08271209374070168,0.4375248634815216
c4,0.5,bp,14,0.11222903907299042,0.4912116253376007
c4,0.5,bp,15,0.09006994098424911,0.47171848475933076
c4,0.5,bp,16,0.08887183152139187,0.3867108601331711
c4,0.5,bp,17,0.09271446466445923,0.5018755662441253
c4,0.5,bp,18,0.058919305205345156,0.4875745379924774
c4,0.5,bp,19,0.06617241077125073,0.492594952583313
c4,0.5,bp,20,0.07635497733950615,0.42546988546848297
c4,0.5,bp,21,0.06312091961503029,0.48902670860290526
c4,0.5,bp,22,0.07639991126954555,0.5259117782115936
c4,0.5,bp,23,0.0534377733618021,0.47050867676734925
c4,0.5,bp,24,0.06914876148104668,0.43171812236309054
c4,0.5,bp,25,0.06217158116400242,0.5244704312086106
c4,0.5,bp,26,0.0746700819581747,0.4024085658788681
c4,0.5,bp,27,0.0640822447091341,0.47920432686805725
c4,0.5,bp,28,0.07947688594460488,0.46645000994205477
c4,0.5,bp,29,0.08993037015199662,0.40471446633338926
c4,0.5,bp,30,0.08637341022491456,0.4489961153268814
c4,0.5,bp,31,0.12838993832468987,0.33796074986457825
c4,0.5,c,0,0.0011845529777929186,0.04119794595986605
c4,0.5,c,1,0.007993022622540593,0.10493102669715881
c4,0.5,c,2,0.007952088275924325,0.21006887197494506
c4,0.5,c,3,0.01059344043955207,0.2520253622531891
c4,0.5,c,4,0.013852592799812555,0.288149248957634
c4,0.5,c,5,0.016752419341355563,0.2549425503611565
c4,0.5,c,6,0.021873672492802143,0.2561228147149086
c4,0.5,c,7,0.02301158469170332,0.2971819442510605
c4,0.5,c,8,0.026712329536676408,0.2954047912359238
c4,0.5,c,9,0.03879049852490425,0.3903390800952911
c4,0.5,c,10,0.04574430204927921,0.3741770768165588
c4,0.5,c,11,0.03020814076066017,0.31231501817703244
c4,0.5,c,12,0.04132749520242214,0.326025111079216
c4,0.5,c,13,0.042198977023363116,0.3254677253961563
c4,0.5,c,14,0.045087858363986016,0.3293584477901459
c4,0.5,c,15,0.04915645986795426,0.3332766646146774
c4,0.5,c,16,0.0423380658775568,0.27014046639204026
c4,0.5,c,17,0.049696414694190026,0.36804436445236205
c4,0.5,c,18,0.03463756550103426,0.34761460781097414
c4,0.5,c,19,0.03329093288630247,0.34269977390766143
c4,0.5,c,20,0.036844105385243894,0.31336775243282317
c4,0.5,c,21,0.031221107542514802,0.3397406703233719
c4,0.5,c,22,0.04623773083090782,0.42501922607421877
c4,0.5,c,23,0.03944221310317517,0.4024945545196533
c4,0.5,c,24,0.04027931444346905,0.32970732510089873
c4,0.5,c,25,0.04006793461740017,0.4148382443189621
c4,0.5,c,26,0.04402064897119999,0.3142024874687195
c4,0.5,c,27,0.04882287628948689,0.41640127658843995
c4,0.5,c,28,0.053417884856462476,0.39303697407245636
c4,0.5,c,29,0.05054672308266163,0.3137303155660629
c4,0.5,c,30,0.05857767209410667,0.40658299684524535
c4,0.5,c,31,0.07925593107938766,0.25742079466581347
c4,0.5,d,0,6.311813827778678e-05,0.006375765837728978
c4,0.5,d,1,0.0016617177915759385,0.045208375975489615
c4,0.5,d,2,0.004336645491421222,0.14923533618450166
c4,0.5,d,3,0.006623136401176452,0.18309380620718002
c4,0.5,d,4,0.008499869285151363,0.2064812308549881
c4,0.5,d,5,0.011381270568817855,0.2053607627749443
c4,0.5,d,6,0.015702694188803434,0.20960194557905198
c4,0.5,d,7,0.017584293633699417,0.2525033813714981
c4,0.5,d,8,0.019327600859105586,0.24375226467847824
c4,0.5,d,9,0.02715383391827345,0.26560253322124483
c4,0.5,d,10,0.02896246314048767,0.25937178552150725
c4,0.5,d,11,0.027267500795423984,0.2737861481308937
c4,0.5,d,12,0.02790444079786539,0.24853601604700087
c4,0.5,d,13,0.02757491547614336,0.23441509276628494
c4,0.5,d,14,0.032371484972536564,0.2524491947889328
c4,0.5,d,15,0.03675972431898117,0.28093785464763643
c4,0.5,d,16,0.029260062389075758,0.2124755498766899
c4,0.5,d,17,0.02893295656889677,0.27172503620386124
c4,0.5,d,18,0.027285575941205023,0.29211150646209716
c4,0.5,d,19,0.02365092162042856,0.2789531421661377
c4,0.5,d,20,0.027220594212412835,0.23603917479515077
c4,0.5,d,21,0.022853656634688378,0.2650779926776886
c4,0.5,d,22,0.03175537034869194,0.2987344115972519
c4,0.5,d,23,0.03266413789242506,0.3509150820970535
c4,0.5,d,24,0.030809210129082203,0.2649286115169525
c4,0.5,d,25,0.03902483902871609,0.3760676097869873
c4,0.5,d,26,0.03792372114956379,0.2851816686987877
c4,0.5,d,27,0.04023220084607601,0.37516462802886963
c4,0.5,d,28,0.04289318315684795,0.3340108346939087
c4,0.5,d,29,0.03928963921964169,0.26026364028453824
c4,0.5,d,30,0.03945213682949543,0.3166001284122467
c4,0.5,d,31,0.057664840370416644,0.20222887575626372
gsm8k,0.125,a,0,4.04378164944319e-07,0.00046705202374141663
gsm8k,0.125,a,1,0.00038577596365939825,0.02789322044700384
gsm8k,0.125,a,2,0.0039279132522642615,0.1794642388820648
gsm8k,0.125,a,3,0.008054633475840092,0.2046683856844902
gsm8k,0.125,a,4,0.009609118476510048,0.21857187002897263
gsm8k,0.125,a,5,0.012291391734033824,0.2154270276427269
gsm8k,0.125,a,6,0.018690874613821507,0.2173238465189934
gsm8k,0.125,a,7,0.02050058152526617,0.22798465102910995
gsm8k,0.125,a,8,0.024840784706175328,0.23046530336141585
gsm8k,0.125,a,9,0.03171691842377186,0.25467774748802186
gsm8k,0.125,a,10,0.03384704500436783,0.2264830192923546
gsm8k,0.125,a,11,0.035314343422651294,0.26597186625003816
gsm8k,0.125,a,12,0.0381937075406313,0.2501626870036125
gsm8k,0.125,a,13,0.038841520473361014,0.2654030531644821
gsm8k,0.125,a,14,0.04224562287330627,0.27283915579319
gsm8k,0.125,a,15,0.04365940362215042,0.2962755089998245
gsm8k,0.125,a,16,0.036663993149995806,0.25455985248088836
gsm8k,0.125,a,17,0.034886597394943236,0.2960728806257248
gsm8k,0.125,a,18,0.03959345296025276,0.35393297016620634
gsm8k,0.125,a,19,0.03170867189764977,0.30788104474544525
gsm8k,0.125,a,20,0.028600673414766787,0.24934004962444306
gsm8k,0.125,a,21,0.02840544119477272,0.34073064804077147
gsm8k,0.125,a,22,0.04057108387351036,0.33221463084220887
gsm8k,0.125,a,23,0.03652498438954353,0.35514252722263334
gsm8k,0.125,a,24,0.03510212630033493,0.29236390769481657
gsm8k,0.125,a,25,0.048837918937206265,0.40384889841079713
gsm8k,0.125,a,26,0.043118491545319555,0.28422447204589846
gsm8k,0.125,a,27,0.03933349274098873,0.38014003753662107
gsm8k,0.125,a,28,0.04185707673430443,0.2997542005777359
gsm8k,0.125,a,29,0.04207234047353268,0.24751199692487716
gsm8k,0.125,a,30,0.03446842484176159,0.31186616837978365
gsm8k,0.125,a,31,0.06457039073109627,0.37572991609573364
gsm8k,0.125,b,0,0.06981283992528915,0.36828123807907104
gsm8k,0.125,b,1,0.12918403416872024,0.5157366263866424
gsm8k,0.125,b,2,0.05368702195584774,0.640366575717926
gsm8k,0.125,b,3,0.07841841265559196,0.6169184637069702
gsm8k,0.125,b,4,0.07197900533676148,0.6791960692405701
gsm8k,0.125,b,5,0.09523557379841804,0.60470059633255
gsm8k,0.125,b,6,0.18102451801300048,0.6933725774288177
gsm8k,0.125,b,7,0.21626884162425994,0.7344947195053101
gsm8k,0.125,b,8,0.19919126451015473,0.69021235704422
gsm8k,0.125,b,9,0.24119915276765824,0.6957661008834839
gsm8k,0.125,b,10,0.31352138936519625,0.7092964792251587
gsm8k,0.125,b,11,0.280829239487648,0.6968254113197326
gsm8k,0.125,b,12,0.3237683129310608,0.7281264972686767
gsm8k,0.125,b,13,0.3107136929035187,0.7203682434558868
gsm8k,0.125,b,14,0.3548859506845474,0.6826148974895477
gsm8k,0.125,b,15,0.28211341857910155,0.6960546445846557
gsm8k,0.125,b,16,0.31820802092552186,0.67072603225708
gsm8k,0.125,b,17,0.2706825393438339,0.7097639381885529
gsm8k,0.125,b,18,0.20996760964393615,0.7149859488010406
gsm8k,0.125,b,19,0.22822928458452224,0.7286489129066467
gsm8k,0.125,b,20,0.175198078751564,0.6176219081878662
gsm8k,0.125,b,21,0.1548468491435051,0.7031349611282348
gsm8k,0.125,b,22,0.2224390211701393,0.7729214143753051
gsm8k,0.125,b,23,0.16393304288387298,0.7235348844528198
gsm8k,0.125,b,24,0.166893048286438,0.6037533187866211
gsm8k,0.125,b,25,0.2009733071923256,0.7887526655197143
gsm8k,0.125,b,26,0.19378432810306548,0.5704297614097595
gsm8k,0.125,b,27,0.1387685278058052,0.7145610547065735
gsm8k,0.125,b,28,0.1505689924955368,0.6032064318656921
gsm8k,0.125,b,29,0.2168388184905052,0.5710582542419433
gsm8k,0.125,b,30,0.17509932696819305,0.6656344771385193
gsm8k,0.125,b,31,0.29264104425907134,0.6587521624565125
gsm8k,0.125,bp,0,0.07558106213808059,0.37283421993255617
gsm8k,0.125,bp,1,0.15719894409179688,0.6152745962142945
gsm8k,0.125,bp,2,0.05930496476590633,0.6713129603862762
gsm8k,0.125,bp,3,0.10302001848816872,0.6731486904621125
gsm8k,0.125,bp,4,0.0860318748652935,0.7097338962554932
gsm8k,0.125,bp,5,0.1132373271882534,0.6512786948680878
gsm8k,0.125,bp,6,0.34638272762298583,0.8513476836681366
gsm8k,0.125,bp,7,0.3634810668230057,0.8299858629703522
gsm8k,0.125,bp,8,0.3044284850358963,0.7901034498214722
gsm8k,0.125,bp,9,0.33672746777534485,0.7803965401649475
gsm8k,0.125,bp,10,0.43636135339736937,0.7977215003967285
gsm8k,0.125,bp,11,0.5568403208255768,0.8452791011333466
gsm8k,0.125,bp,12,0.5279215776920319,0.8474458312988281
gsm8k,0.125,bp,13,0.434977690577507,0.7942364227771759
gsm8k,0.125,bp,14,0.6654770481586456,0.8429375648498535
gsm8k,0.125,bp,15,0.3964568483829498,0.7746334969997406
gsm8k,0.125,bp,16,0.5026231437921524,0.7905090951919556
gsm8k,0.125,bp,17,0.4106179803609848,0.8345984387397766
gsm8k,0.125,bp,18,0.3093005883693695,0.8095266342163085
gsm8k,0.125,bp,19,0.3223177856206894,0.8141003346443176
gsm8k,0.125,bp,20,0.26455538988113403,0.7224127197265625
gsm8k,0.125,bp,21,0.2300251281261444,0.8134364867210389
gsm8k,0.125,bp,22,0.2742210841178894,0.8268878674507141
gsm8k,0.125,bp,23,0.20610473811626434,0.7702927589416504
gsm8k,0.125,bp,24,0.25551800191402435,0.7240305364131927
gsm8k,0.125,bp,25,0.2995786714553833,0.867303593158722
gsm8k,0.125,bp,26,0.2626980632543564,0.6556530940532684
gsm8k,0.125,bp,27,0.15464218437671662,0.7555888664722442
gsm8k,0.125,bp,28,0.19632413178682329,0.6751712465286255
gsm8k,0.125,bp,29,0.30861746191978456,0.6642902421951294
gsm8k,0.125,bp,30,0.1979459697008133,0.6869819223880768
gsm8k,0.125,bp,31,0.35084475874900817,0.8208412504196168
gsm8k,0.125,c,0,0.04742727980017662,0.24427496254444123
gsm8k,0.125,c,1,0.08358080416917801,0.4303790384531021
gsm8k,0.125,c,2,0.043345401585102084,0.5942112159729004
gsm8k,0.125,c,3,0.06620467215776443,0.5805618023872375
gsm8k,0.125,c,4,0.05926881514489651,0.6245800197124481
gsm8k,0.125,c,5,0.07817615181207657,0.5616874182224274
gsm8k,0.125,c,6,0.15877126693725585,0.6584279775619507
gsm8k,0.125,c,7,0.1873497462272644,0.7097353398799896
gsm8k,0.125,c,8,0.17387777626514433,0.6659451949596406
gsm8k,0.125,c,9,0.2053139853477478,0.6457539653778076
gsm8k,0.125,c,10,0.25316719770431517,0.6593268191814423
gsm8k,0.125,c,11,0.2422184678912163,0.6633436262607575
gsm8k,0.125,c,12,0.27405946373939516,0.6807196581363678
gsm8k,0.125,c,13,0.2734271675348282,0.6918770813941956
gsm8k,0.125,c,14,0.3024413293600082,0.6364004051685334
gsm8k,0.125,c,15,0.25172325313091276,0.6756145524978637
gsm8k,0.125,c,16,0.27442652463912964,0.6357006764411927
gsm8k,0.125,c,17,0.25172965735197067,0.6867245578765869
gsm8k,0.125,c,18,0.18687273740768431,0.6792754125595093
gsm8k,0.125,c,19,0.2015984132885933,0.6948208808898926
gsm8k,0.125,c,20,0.15676912248134614,0.5795595133304596
gsm8k,0.125,c,21,0.14866325736045838,0.7033712255954743
gsm8k,0.125,c,22,0.2007986795902252,0.7343997430801391
gsm8k,0.125,c,23,0.15025589376688003,0.695521410703659
gsm8k,0.125,c,24,0.15300676822662354,0.5714534378051758
gsm8k,0.125,c,25,0.17376167833805084,0.7387649536132812
gsm8k,0.125,c,26,0.17224868774414062,0.5412965226173401
gsm8k,0.125,c,27,0.12764624267816543,0.6908272314071655
gsm8k,0.125,c,28,0.14906736373901366,0.598398152589798
gsm8k,0.125,c,29,0.201629681289196,0.5864425730705262
gsm8k,0.125,c,30,0.15864703565835953,0.638081306219101
gsm8k,0.125,c,31,0.26439107418060304,0.6331270098686218
gsm8k,0.125,d,0,0.011507926695048808,0.0742496408522129
gsm8k,0.125,d,1,0.03362655892968178,0.2939362370967865
gsm8k,0.125,d,2,0.02199687134474516,0.44831464529037474
gsm8k,0.125,d,3,0.03662831030786037,0.44680764734745027
gsm8k,0.125,d,4,0.029314514845609665,0.4338317161798477
gsm8k,0.125,d,5,0.04234816260635853,0.41631229877471926
gsm8k,0.125,d,6,0.07569625705480576,0.48261308193206787
gsm8k,0.125,d,7,0.07811462894082069,0.4918675476312637
gsm8k,0.125,d,8,0.08633220583200454,0.4828042203187943
gsm8k,0.125,d,9,0.10361312195658684,0.4804337954521179
gsm8k,0.125,d,10,0.13226828068494798,0.5507470321655273
gsm8k,0.125,d,11,0.10742233887314796,0.4597145909070969
gsm8k,0.125,d,12,0.13339575469493867,0.5022686016559601
gsm8k,0.125,d,13,0.14109400570392608,0.524546024799347
gsm8k,0.125,d,14,0.14595820844173432,0.4680598986148834
gsm8k,0.125,d,15,0.12851010084152223,0.5106912052631378
gsm8k,0.125,d,16,0.12920438766479492,0.46970545589923857
gsm8k,0.125,d,17,0.11715426713228226,0.5304596745967864
gsm8k,0.125,d,18,0.1079557429254055,0.5723354053497315
gsm8k,0.125,d,19,0.10659335255622863,0.547294933795929
gsm8k,0.125,d,20,0.08421143621206284,0.42666710197925567
gsm8k,0.125,d,21,0.08862770169973373,0.5704185616970062
gsm8k,0.125,d,22,0.11862943008542061,0.5720647847652436
gsm8k,0.125,d,23,0.10091411277651786,0.6048920321464538
gsm8k,0.125,d,24,0.09387316897511483,0.47647839069366454
gsm8k,0.125,d,25,0.12006502628326415,0.6549466896057129
gsm8k,0.125,d,26,0.10085035726428032,0.438248935341835
gsm8k,0.125,d,27,0.0968630675971508,0.6402746200561523
gsm8k,0.125,d,28,0.09874120712280274,0.5208036983013153
gsm8k,0.125,d,29,0.11450620859861374,0.43518523454666136
gsm8k,0.125,d,30,0.11266942739486695,0.5941662490367889
gsm8k,0.125,d,31,0.16351126044988631,0.4547393155097961
gsm8k,0.25,a,0,7.112573896961294e-08,0.00026232591539155693
gsm8k,0.25,a,1,2.177874994231388e-05,0.006081724697723985
gsm8k,0.25,a,2,0.001313935392536223,0.09239604264497757
gsm8k,0.25,a,3,0.0037187147280201317,0.12880153745412826
gsm8k,0.25,a,4,0.00474791532382369,0.15496214598417282
gsm8k,0.25,a,5,0.0066963895037770275,0.1617513218522072
gsm8k,0.25,a,6,0.009965410418808461,0.16689752101898192
gsm8k,0.25,a,7,0.011816382613033057,0.17901908189058305
gsm8k,0.25,a,8,0.012978367023169995,0.17723857164382933
gsm8k,0.25,a,9,0.016802964359521867,0.1788485425710678
gsm8k,0.25,a,10,0.01789909727871418,0.16843731671571732
gsm8k,0.25,a,11,0.01809554945677519,0.20129377722740174
gsm8k,0.25,a,12,0.018733619935810564,0.17322578966617586
gsm8k,0.25,a,13,0.01820670548826456,0.17406363159418106
gsm8k,0.25,a,14,0.021954494304955007,0.1973283728957176
gsm8k,0.25,a,15,0.02444107037037611,0.2193879222869873
gsm8k,0.25,a,16,0.01946913816034794,0.17739804059267045
gsm8k,0.25,a,17,0.01817237339913845,0.20373988389968872
gsm8k,0.25,a,18,0.020799268931150437,0.23068301498889923
gsm8k,0.25,a,19,0.016784997209906578,0.21254390478134155
gsm8k,0.25,a,20,0.016271981000900267,0.17782753080129624
gsm8k,0.25,a,21,0.013596337139606476,0.21093677550554277
gsm8k,0.25,a,22,0.022271377965807915,0.23547928482294084
gsm8k,0.25,a,23,0.019589018039405347,0.23200037389993666
gsm8k,0.25,a,24,0.019316226430237293,0.20360769391059874
gsm8k,0.25,a,25,0.028852978274226188,0.2882312458753586
gsm8k,0.25,a,26,0.02567140355706215,0.20647849768400192
gsm8k,0.25,a,27,0.02298877403140068,0.25875515878200533
gsm8k,0.25,a,28,0.025186478309333325,0.2057614654302597
gsm8k,0.25,a,29,0.022416675351560115,0.16556794941425323
gsm8k,0.25,a,30,0.01772342383861542,0.18186861753463746
gsm8k,0.25,a,31,0.03573342628777027,0.2397094890475273
gsm8k,0.25,b,0,0.03109480705112219,0.20342408061027528
gsm8k,0.25,b,1,0.059556325748562816,0.3364870101213455
gsm8k,0.25,b,2,0.029816665202379227,0.5008420419692993
gsm8k,0.25,b,3,0.036421594247221946,0.45545380413532255
gsm8k,0.25,b,4,0.0399697133153677,0.531280311346054
gsm8k,0.25,b,5,0.05192956730723381,0.46502685546875
gsm8k,0.25,b,6,0.07763161420822144,0.4724482899904251
gsm8k,0.25,b,7,0.09672813579440116,0.5472058975696563
gsm8k,0.25,b,8,0.10252239063382149,0.5352661573886871
gsm8k,0.25,b,9,0.13193876028060914,0.5427655172348023
gsm8k,0.25,b,10,0.1817466777563095,0.5911985754966735
gsm8k,0.25,b,11,0.13188263416290283,0.525959644317627
gsm8k,0.25,b,12,0.16659514129161834,0.5578836905956268
gsm8k,0.25,b,13,0.17684302270412444,0.5925596117973327
gsm8k,0.25,b,14,0.1840196368098259,0.5205413365364074
gsm8k,0.25,b,15,0.1650020319223404,0.5655541670322418
gsm8k,0.25,b,16,0.1646261966228485,0.5041201102733612
gsm8k,0.25,b,17,0.15052884817123413,0.5689745199680328
gsm8k,0.25,b,18,0.1303037327528,0.602386200428009
gsm8k,0.25,b,19,0.1279009735584259,0.5899854242801666
gsm8k,0.25,b,20,0.10052709057927131,0.47113422214984896
gsm8k,0.25,b,21,0.09312687784433366,0.5773282468318939
gsm8k,0.25,b,22,0.13626864343881606,0.6413057589530945
gsm8k,0.25,b,23,0.09826676577329635,0.5964539110660553
gsm8k,0.25,b,24,0.10586536884307861,0.494739351272583
gsm8k,0.25,b,25,0.11203712433576583,0.6323187053203583
gsm8k,0.25,b,26,0.11041422173380852,0.4439614659547806
gsm8k,0.25,b,27,0.09147130638360977,0.6181719124317169
gsm8k,0.25,b,28,0.09929750487208366,0.49921323120594024
gsm8k,0.25,b,29,0.12965973645448683,0.46049940943717954
gsm8k,0.25,b,30,0.12063607305288315,0.594426519870758
gsm8k,0.25,b,31,0.18758909910917282,0.46064998388290407
gsm8k,0.25,bp,0,0.03399883061647415,0.20493773519992828
gsm8k,0.25,bp,1,0.07594747066497803,0.3796833598613739
gsm8k,0.25,bp,2,0.03750820130109787,0.5529989182949067
gsm8k,0.25,bp,3,0.05582767352461815,0.542145643234253
gsm8k,0.25,bp,4,0.05260664671659469,0.6001149237155914
gsm8k,0.25,bp,5,0.0678636021912098,0.5323007154464722
gsm8k,0.25,bp,6,0.15298713505268097,0.6556390333175659
gsm8k,0.25,bp,7,0.18265019983053207,0.7056481575965882
gsm8k,0.25,bp,8,0.1618015742301941,0.6329207682609558
gsm8k,0.25,bp,9,0.18787437945604324,0.6375144171714783
gsm8k,0.25,bp,10,0.24917335271835328,0.6679212832450867
gsm8k,0.25,bp,11,0.28678096294403077,0.704556804895401
gsm8k,0.25,bp,12,0.31379015386104586,0.7211628413200378
gsm8k,0.25,bp,13,0.2616943150758743,0.6773067092895508
gsm8k,0.25,bp,14,0.3838430994749069,0.703655811548233
gsm8k,0.25,bp,15,0.2304005181789398,0.6521401751041412
gsm8k,0.25,bp,16,0.28512789487838747,0.6519170069694519
gsm8k,0.25,bp,17,0.24298158347606658,0.7028950071334839
gsm8k,0.25,bp,18,0.17524365782737733,0.6707177686691285
gsm8k,0.25,bp,19,0.20129620969295503,0.7044719326496124
gsm8k,0.25,bp,20,0.15597920775413512,0.6003509843349457
gsm8k,0.25,bp,21,0.1367302930355072,0.6820938241481781
gsm8k,0.25,bp,22,0.19156169772148132,0.7480637860298157
gsm8k,0.25,bp,23,0.12722497552633286,0.645214079618454
gsm8k,0.25,bp,24,0.15135182648897172,0.611576075553894
gsm8k,0.25,bp,25,0.18964630603790283,0.7844424486160279
gsm8k,0.25,bp,26,0.16853030145168305,0.543087512254715
gsm8k,0.25,bp,27,0.10186017736792564,0.6358631670475006
gsm8k,0.25,bp,28,0.11905291736125946,0.5285940527915954
gsm8k,0.25,bp,29,0.1918022710084915,0.5454677462577819
gsm8k,0.25,bp,30,0.13175883054733276,0.5997087728977203
gsm8k,0.25,bp,31,0.23763433277606963,0.5865974247455596
gsm8k,0.25,c,0,0.01675150226801634,0.12256374940276146
gsm8k,0.25,c,1,0.03872085951268673,0.2892462503910065
gsm8k,0.25,c,2,0.022570000141859056,0.4472681701183319
gsm8k,0.25,c,3,0.03053323309868574,0.4177756881713867
gsm8k,0.25,c,4,0.03170433357357979,0.47151239693164826
gsm8k,0.25,c,5,0.042088917195796965,0.42545598149299624
gsm8k,0.25,c,6,0.06877229318022728,0.44825164675712587
gsm8k,0.25,c,7,0.08073364794254304,0.5020358157157898
gsm8k,0.25,c,8,0.08831069201231002,0.4992381477355957
gsm8k,0.25,c,9,0.10711415246129036,0.486964048743248
gsm8k,0.25,c,10,0.14352481126785277,0.5374746310710907
gsm8k,0.25,c,11,0.11118783146142959,0.48402213215827944
gsm8k,0.25,c,12,0.14221214443445207,0.5253029537200927
gsm8k,0.25,c,13,0.15427696615457534,0.5580412077903748
gsm8k,0.25,c,14,0.15533988565206527,0.48057338654994963
gsm8k,0.25,c,15,0.14462102741003036,0.5437046241760254
gsm8k,0.25,c,16,0.14022162795066834,0.4730639791488647
gsm8k,0.25,c,17,0.1423858481645584,0.5425371074676514
gsm8k,0.25,c,18,0.11251606062054634,0.5720036101341247
gsm8k,0.25,c,19,0.11378435045480728,0.5606502294540405
gsm8k,0.25,c,20,0.0899321635067463,0.44093909800052644
gsm8k,0.25,c,21,0.0913362193107605,0.5861850643157959
gsm8k,0.25,c,22,0.12984261751174928,0.6304086327552796
gsm8k,0.25,c,23,0.0952639091014862,0.5853916180133819
gsm8k,0.25,c,24,0.09362479627132415,0.47046905517578125
gsm8k,0.25,c,25,0.11020150765776635,0.618129950761795
gsm8k,0.25,c,26,0.10546075969934464,0.4494568336009979
gsm8k,0.25,c,27,0.08603420212864876,0.6117940497398376
gsm8k,0.25,c,28,0.09511969715356827,0.4882964241504669
gsm8k,0.25,c,29,0.1229807023704052,0.47963977098464966
gsm8k,0.25,c,30,0.11028619647026063,0.5862909984588623
gsm8k,0.25,c,31,0.16873527467250823,0.44264673829078677
gsm8k,0.25,d,0,0.0027675882913172243,0.03710870735347271
gsm8k,0.25,d,1,0.011532012987881899,0.15460681170225143
gsm8k,0.25,d,2,0.011856261827051639,0.31972001075744627
gsm8k,0.25,d,3,0.019902901872992516,0.32924576818943024
gsm8k,0.25,d,4,0.017185350470244883,0.3224314522743225
gsm8k,0.25,d,5,0.024686394035816194,0.31978769063949586
gsm8k,0.25,d,6,0.03873322904109955,0.32555775821208954
gsm8k,0.25,d,7,0.04109144628047943,0.35116070866584775
gsm8k,0.25,d,8,0.05055943317711353,0.3624925655126572
gsm8k,0.25,d,9,0.06266065128147602,0.37393202364444733
gsm8k,0.25,d,10,0.0787979856133461,0.4327448570728302
gsm8k,0.25,d,11,0.06451054126024246,0.3676895993947983
gsm8k,0.25,d,12,0.08073684856295586,0.38971218407154085
gsm8k,0.25,d,13,0.08780330061912536,0.4209239810705185
gsm8k,0.25,d,14,0.09258804932236671,0.3800268870592117
gsm8k,0.25,d,15,0.08087747663259506,0.41052021145820616
gsm8k,0.25,d,16,0.0738205710053444,0.36044781148433686
gsm8k,0.25,d,17,0.07178713381290436,0.4327371126413345
gsm8k,0.25,d,18,0.06939715519547462,0.46610765635967255
gsm8k,0.25,d,19,0.0644044779241085,0.44139748334884643
gsm8k,0.25,d,20,0.05459773063659668,0.35444406151771546
gsm8k,0.25,d,21,0.05550190761685372,0.47487361073493956
gsm8k,0.25,d,22,0.07490219652652741,0.46107219755649564
gsm8k,0.25,d,23,0.06695846676826477,0.5017430460453034
gsm8k,0.25,d,24,0.06472949594259263,0.41554197430610657
gsm8k,0.25,d,25,0.0871419507265091,0.5727747714519501
gsm8k,0.25,d,26,0.07065633922815323,0.3687929618358612
gsm8k,0.25,d,27,0.0695069471001625,0.5569336652755738
gsm8k,0.25,d,28,0.0686582626402378,0.42144102692604063
gsm8k,0.25,d,29,0.08034158349037171,0.38293109714984896
gsm8k,0.25,d,30,0.08053226813673973,0.5246055972576141
gsm8k,0.25,d,31,0.11382455468177795,0.38859549701213836
gsm8k,0.5,a,0,2.0919841112743143e-08,0.00019160296622430906
gsm8k,0.5,a,1,6.311801973879483e-07,0.0009090362745337188
gsm8k,0.5,a,2,5.594702044618316e-05,0.018591003306210042
gsm8k,0.5,a,3,0.0008418271644040942,0.05356781765818596
gsm8k,0.5,a,4,0.0008946608426049352,0.06990933552384376
gsm8k,0.5,a,5,0.0018418237613514066,0.0890182788670063
gsm8k,0.5,a,6,0.0029404952703043817,0.09699092254042625
gsm8k,0.5,a,7,0.0037907672626897693,0.11432588800787925
gsm8k,0.5,a,8,0.004197943983599544,0.12666813969612123
gsm8k,0.5,a,9,0.005870123459026218,0.11035038039088249
gsm8k,0.5,a,10,0.005180249530822039,0.0972511386871338
gsm8k,0.5,a,11,0.005404096767306328,0.12046457558870316
gsm8k,0.5,a,12,0.005634162854403257,0.09627781793475151
gsm8k,0.5,a,13,0.005874575916677714,0.09847306281328201
gsm8k,0.5,a,14,0.00707000894472003,0.11312312498688698
gsm8k,0.5,a,15,0.00876024665310979,0.1332717329263687
gsm8k,0.5,a,16,0.006564831715077162,0.10703791782259942
gsm8k,0.5,a,17,0.006867586188018322,0.12770370483398438
gsm8k,0.5,a,18,0.008879182953387499,0.1478007072210312
gsm8k,0.5,a,19,0.006843746472150088,0.14619263410568237
gsm8k,0.5,a,20,0.006628607418388128,0.11716562762856483
gsm8k,0.5,a,21,0.005178291592746973,0.11980522558093071
gsm8k,0.5,a,22,0.010165466833859682,0.16378185629844666
gsm8k,0.5,a,23,0.00863614683970809,0.15477112472057342
gsm8k,0.5,a,24,0.007244354644790292,0.11772061765193939
gsm8k,0.5,a,25,0.012469810992479324,0.17218203455209732
gsm8k,0.5,a,26,0.011495234407484532,0.13242098033428193
gsm8k,0.5,a,27,0.010980505961924791,0.17586180180311203
gsm8k,0.5,a,28,0.011716088857501744,0.13364585548639296
gsm8k,0.5,a,29,0.008409681040793657,0.10006713300943375
gsm8k,0.5,a,30,0.007050610948354006,0.10060733452439308
gsm8k,0.5,a,31,0.005107777873054147,0.047123513892292974
gsm8k,0.5,b,0,0.005275065936148167,0.0631904748082161
gsm8k,0.5,b,1,0.014688572436571122,0.20803692638874055
gsm8k,0.5,b,2,0.00888074416667223,0.2628242510557175
gsm8k,0.5,b,3,0.013257601652294398,0.2682814311981201
gsm8k,0.5,b,4,0.015522115360945464,0.32248566329479217
gsm8k,0.5,b,5,0.019180277846753597,0.27852086365222933
gsm8k,0.5,b,6,0.02241095371544361,0.24981767803430557
gsm8k,0.5,b,7,0.026363918147981166,0.2968512547016144
gsm8k,0.5,b,8,0.035725052580237386,0.3307951927185059
gsm8k,0.5,b,9,0.04697101131081581,0.35633213579654693
gsm8k,0.5,b,10,0.06767837390303612,0.4087942612171173
gsm8k,0.5,b,11,0.03769600860774517,0.29530409872531893
gsm8k,0.5,b,12,0.05589801050722599,0.3344618946313858
gsm8k,0.5,b,13,0.066436178535223,0.39568892419338225
gsm8k,0.5,b,14,0.06654828801751136,0.34198047876358034
gsm8k,0.5,b,15,0.06048372022807598,0.3631999027729034
gsm8k,0.5,b,16,0.053148407265543936,0.3034400027990341
gsm8k,0.5,b,17,0.0520450522005558,0.38350308358669283
gsm8k,0.5,b,18,0.048255126401782034,0.3944858545064926
gsm8k,0.5,b,19,0.04447208404541016,0.38002507865428925
gsm8k,0.5,b,20,0.03446714721620083,0.2982574164867401
gsm8k,0.5,b,21,0.0279123517498374,0.34201828718185423
gsm8k,0.5,b,22,0.051526792794466016,0.4213043624162674
gsm8k,0.5,b,23,0.04190612494945526,0.41708575546741483
gsm8k,0.5,b,24,0.0452755456417799,0.37116747558116914
gsm8k,0.5,b,25,0.0401529660820961,0.36582130908966065
gsm8k,0.5,b,26,0.04515889935195446,0.3060435730218887
gsm8k,0.5,b,27,0.04063474826514721,0.45482399106025695
gsm8k,0.5,b,28,0.04031708419322968,0.318929061293602
gsm8k,0.5,b,29,0.05353154264390469,0.330572350025177
gsm8k,0.5,b,30,0.062007656469941136,0.4635078793764114
gsm8k,0.5,b,31,0.08127045899629592,0.2727240639925003
gsm8k,0.5,bp,0,0.006382372798398137,0.07623101130127907
gsm8k,0.5,bp,1,0.02233769662678242,0.22316387563943862
gsm8k,0.5,bp,2,0.015488761197775602,0.366408543586731
gsm8k,0.5,bp,3,0.02075427919626236,0.35314531028270724
gsm8k,0.5,bp,4,0.023010906800627708,0.40945217967033387
gsm8k,0.5,bp,5,0.028635211922228336,0.351855029463768
gsm8k,0.5,bp,6,0.04914993040263653,0.38246494889259336
gsm8k,0.5,bp,7,0.05635941907763481,0.43936386466026306
gsm8k,0.5,bp,8,0.05937963351607323,0.41173048615455626
gsm8k,0.5,bp,9,0.07690625831484794,0.4396562123298645
gsm8k,0.5,bp,10,0.10429043918848038,0.46681669652462005
gsm8k,0.5,bp,11,0.09823568373918533,0.46636861085891723
gsm8k,0.5,bp,12,0.11361159205436706,0.46326965928077696
gsm8k,0.5,bp,13,0.11238384380936622,0.48162156343460083
gsm8k,0.5,bp,14,0.13497842401266097,0.4644945651292801
gsm8k,0.5,bp,15,0.09771909326314926,0.45296466588974
gsm8k,0.5,bp,16,0.1024140091240406,0.4078755390644073
gsm8k,0.5,bp,17,0.09116553708910942,0.45268054485321046
gsm8k,0.5,bp,18,0.07217136770486832,0.471829052567482
gsm8k,0.5,bp,19,0.07814370825886727,0.4775639140605927
gsm8k,0.5,bp,20,0.06661745563149452,0.4078418976068497
gsm8k,0.5,bp,21,0.05346907362341881,0.4554808706045151
gsm8k,0.5,bp,22,0.08879096731543541,0.5490093398094177
gsm8k,0.5,bp,23,0.0510187803208828,0.4302267497777939
gsm8k,0.5,bp,24,0.0694997338950634,0.4444961428642273
gsm8k,0.5,bp,25,0.08222700178623199,0.5812184226512909
gsm8k,0.5,bp,26,0.0776284670829773,0.3892827707529068
gsm8k,0.5,bp,27,0.04831137500703335,0.44293133735656737
gsm8k,0.5,bp,28,0.06483085438609124,0.3791491633653641
gsm8k,0.5,bp,29,0.09378459244966507,0.4048969656229019
gsm8k,0.5,bp,30,0.07429690703749657,0.4836461818218231
gsm8k,0.5,bp,31,0.12226311475038529,0.36735077857971193
gsm8k,0.5,c,0,0.002767314347438514,0.04545135945081711
gsm8k,0.5,c,1,0.009266105331480503,0.13496866822242737
gsm8k,0.5,c,2,0.007450216291472316,0.23500168293714524
gsm8k,0.5,c,3,0.0120060158893466,0.2567552345991135
gsm8k,0.5,c,4,0.012859470341354609,0.29931716024875643
gsm8k,0.5,c,5,0.01654551800340414,0.2539831435680389
gsm8k,0.5,c,6,0.020626311637461186,0.22878102481365203
gsm8k,0.5,c,7,0.024512305222451687,0.27973119378089906
gsm8k,0.5,c,8,0.03226608633995056,0.31343857169151307
gsm8k,0.5,c,9,0.03989386141300202,0.31366935253143313
gsm8k,0.5,c,10,0.054072433635592464,0.35217432320117953
gsm8k,0.5,c,11,0.03249788150191307,0.2760884869098663
gsm8k,0.5,c,12,0.05178857184946537,0.31348427057266237
gsm8k,0.5,c,13,0.05679240480065346,0.35518902361392973
gsm8k,0.5,c,14,0.057248245254158975,0.3150774109363556
gsm8k,0.5,c,15,0.05687993623316288,0.3484685730934143
gsm8k,0.5,c,16,0.044562583938241,0.2759279555082321
gsm8k,0.5,c,17,0.05005965292453766,0.3554845577478409
gsm8k,0.5,c,18,0.04179163098335266,0.35731481194496156
gsm8k,0.5,c,19,0.04164567157626152,0.36198738574981687
gsm8k,0.5,c,20,0.03135145779699087,0.27865721106529234
gsm8k,0.5,c,21,0.0277609446644783,0.32571268677711485
gsm8k,0.5,c,22,0.050271567329764365,0.42670596539974215
gsm8k,0.5,c,23,0.040500077307224276,0.39598382771015167
gsm8k,0.5,c,24,0.039386316537857055,0.3467509514093399
gsm8k,0.5,c,25,0.04759481705725193,0.42722188591957094
gsm8k,0.5,c,26,0.04217525184154511,0.2960853672027588
gsm8k,0.5,c,27,0.04064922250807285,0.44853756606578826
gsm8k,0.5,c,28,0.042985619604587556,0.3281801265478134
gsm8k,0.5,c,29,0.05574856758117676,0.3536255520582199
gsm8k,0.5,c,30,0.05516402810811996,0.4689737403392792
gsm8k,0.5,c,31,0.08385310366749764,0.2863911998271942
gsm8k,0.5,d,0,0.00016570966661674902,0.009630097579210996
gsm8k,0.5,d,1,0.0019195797573775054,0.04960766762495041
gsm8k,0.5,d,2,0.004644725602120161,0.17231421560049057
gsm8k,0.5,d,3,0.008691421076655388,0.2187083202600479
gsm8k,0.5,d,4,0.008364368882030248,0.2130051177740097
gsm8k,0.5,d,5,0.011911467108875513,0.2093673652410507
gsm8k,0.5,d,6,0.016458519697189332,0.19895962834358216
gsm8k,0.5,d,7,0.01866893012076616,0.2273709234595299
gsm8k,0.5,d,8,0.022233716137707235,0.2366458535194397
gsm8k,0.5,d,9,0.029850576408207416,0.25225139915943146
gsm8k,0.5,d,10,0.03293891534209251,0.23775715202093126
gsm8k,0.5,d,11,0.029266108684241773,0.24365223646163942
gsm8k,0.5,d,12,0.03632635846734047,0.23672389030456542
gsm8k,0.5,d,13,0.03810427263379097,0.2530649048089981
gsm8k,0.5,d,14,0.04321304306387901,0.26326580345630646
gsm8k,0.5,d,15,0.04176337167620659,0.2814602655172348
gsm8k,0.5,d,16,0.033717305436730384,0.22644948244094848
gsm8k,0.5,d,17,0.03283583030104637,0.27410234928131105
gsm8k,0.5,d,18,0.03208566322922707,0.27875874280929563
gsm8k,0.5,d,19,0.03081759709864855,0.29948560893535614
gsm8k,0.5,d,20,0.0277333527430892,0.23623805075883866
gsm8k,0.5,d,21,0.023033452965319157,0.26984509348869323
gsm8k,0.5,d,22,0.04017635844647884,0.3224903619289398
gsm8k,0.5,d,23,0.03146618887782097,0.30765053153038024
gsm8k,0.5,d,24,0.03155546851456165,0.282650351524353
gsm8k,0.5,d,25,0.05096670500934124,0.4329531043767929
gsm8k,0.5,d,26,0.03947117768228054,0.2667276781797409
gsm8k,0.5,d,27,0.040362775549292566,0.4116291487216949
gsm8k,0.5,d,28,0.039872433096170425,0.3039768588542938
gsm8k,0.5,d,29,0.041791020780801776,0.25166483253240585
gsm8k,0.5,d,30,0.040076016187667846,0.3720149302482605
gsm8k,0.5,d,31,0.05944020077586174,0.24828831672668458
