src,seq,layer,arm,kl,relL2
c4-2048,0,0,EXACT,5.2747736845049076e-08,0.0002856569772120565
c4-2048,0,0,NOPE,0.652220606803894,0.8731179237365723
c4-2048,0,0,OPT/8,0.023557458072900772,0.06974735110998154
c4-2048,0,0,OPT/16,0.009317822754383087,0.039828624576330185
c4-2048,0,0,OPT/32,0.0007779394509270787,0.009868187829852104
c4-2048,0,0,PR-hi/8,0.5590435266494751,0.742926836013794
c4-2048,0,0,PR-hi/16,0.48685306310653687,0.6286421418190002
c4-2048,0,0,PR-hi/32,0.2628837823867798,0.29604753851890564
c4-2048,0,0,PR-en/8,0.36021167039871216,0.7119347453117371
c4-2048,0,0,PR-en/16,0.2023153305053711,0.5822774767875671
c4-2048,0,0,PR-en/32,0.05791012570261955,0.34050264954566956
c4-2048,0,0,PR-2n/8,0.36560505628585815,0.7186048626899719
c4-2048,0,0,PR-2n/16,0.20978106558322906,0.5816588401794434
c4-2048,0,0,PR-2n/32,0.05834873765707016,0.3883307874202728
c4-2048,0,0,FOLD-mean/8,0.3359837234020233,0.8483989834785461
c4-2048,0,0,FOLD-mean/16,0.1703188121318817,0.40339505672454834
c4-2048,0,0,FOLD-mean/32,0.06771531701087952,0.19701537489891052
c4-2048,0,1,EXACT,1.825477011152543e-05,0.005635134410113096
c4-2048,0,1,NOPE,1.3457181453704834,3.0874714851379395
c4-2048,0,1,OPT/8,0.03871926665306091,0.14417466521263123
c4-2048,0,1,OPT/16,0.0175889004021883,0.10038876533508301
c4-2048,0,1,OPT/32,0.0014499928802251816,0.0204398762434721
c4-2048,0,1,PR-hi/8,1.2914299964904785,3.019460439682007
c4-2048,0,1,PR-hi/16,1.1319876909255981,2.8921096324920654
c4-2048,0,1,PR-hi/32,0.4778488576412201,0.7533953785896301
c4-2048,0,1,PR-en/8,0.7927281856536865,2.6567182540893555
c4-2048,0,1,PR-en/16,0.3935808837413788,1.7843654155731201
c4-2048,0,1,PR-en/32,0.06629559397697449,0.43338364362716675
c4-2048,0,1,PR-2n/8,0.7945575714111328,2.658984422683716
c4-2048,0,1,PR-2n/16,0.3991686701774597,1.9186934232711792
c4-2048,0,1,PR-2n/32,0.06417039036750793,0.4352186620235443
c4-2048,0,1,FOLD-mean/8,0.9343199729919434,1.2041294574737549
c4-2048,0,1,FOLD-mean/16,0.42246994376182556,0.55115807056427
c4-2048,0,1,FOLD-mean/32,0.1788511872291565,0.2737811803817749
c4-2048,0,2,EXACT,0.0012030848301947117,0.07865902781486511
c4-2048,0,2,NOPE,2.7108964920043945,3.7294833660125732
c4-2048,0,2,OPT/8,0.018404580652713776,0.3372328281402588
c4-2048,0,2,OPT/16,0.004053340293467045,0.15431593358516693
c4-2048,0,2,OPT/32,0.0014277631416916847,0.08179574459791183
c4-2048,0,2,PR-hi/8,2.6355857849121094,3.679698944091797
c4-2048,0,2,PR-hi/16,2.2607192993164062,3.5845677852630615
c4-2048,0,2,PR-hi/32,0.7689829468727112,1.8902792930603027
c4-2048,0,2,PR-en/8,0.588266134262085,2.5140833854675293
c4-2048,0,2,PR-en/16,0.07410114258527756,0.5828115940093994
c4-2048,0,2,PR-en/32,0.012086148373782635,0.29430171847343445
c4-2048,0,2,PR-2n/8,0.5887884497642517,2.514899730682373
c4-2048,0,2,PR-2n/16,0.07214589416980743,0.6079288721084595
c4-2048,0,2,PR-2n/32,0.011562738567590714,0.24851742386817932
c4-2048,0,2,FOLD-mean/8,1.8023452758789062,2.658731698989868
c4-2048,0,2,FOLD-mean/16,0.9082205295562744,1.9319878816604614
c4-2048,0,2,FOLD-mean/32,0.31562793254852295,0.903975784778595
c4-2048,0,3,EXACT,0.003656836226582527,0.14032435417175293
c4-2048,0,3,NOPE,2.1586709022521973,3.024818181991577
c4-2048,0,3,OPT/8,0.016889914870262146,0.33447352051734924
c4-2048,0,3,OPT/16,0.0057451725006103516,0.16116847097873688
c4-2048,0,3,OPT/32,0.003931355196982622,0.14342647790908813
c4-2048,0,3,PR-hi/8,2.1318979263305664,2.9526331424713135
c4-2048,0,3,PR-hi/16,1.895452857017517,2.750368118286133
c4-2048,0,3,PR-hi/32,0.718963623046875,1.7013376951217651
c4-2048,0,3,PR-en/8,0.17892859876155853,1.1394171714782715
c4-2048,0,3,PR-en/16,0.044579118490219116,0.4760484993457794
c4-2048,0,3,PR-en/32,0.017279362305998802,0.29432350397109985
c4-2048,0,3,PR-2n/8,0.1758207231760025,1.1382611989974976
c4-2048,0,3,PR-2n/16,0.039067842066287994,0.4569357931613922
c4-2048,0,3,PR-2n/32,0.015440172515809536,0.27505359053611755
c4-2048,0,3,FOLD-mean/8,1.1096172332763672,1.9901456832885742
c4-2048,0,3,FOLD-mean/16,0.5922838449478149,1.4615516662597656
c4-2048,0,3,FOLD-mean/32,0.2575255334377289,0.8643335700035095
c4-2048,0,4,EXACT,0.005231854971498251,0.15962041914463043
c4-2048,0,4,NOPE,2.5251083374023438,2.8457484245300293
c4-2048,0,4,OPT/8,0.016442591324448586,0.2983742356300354
c4-2048,0,4,OPT/16,0.006949680857360363,0.17005115747451782
c4-2048,0,4,OPT/32,0.005445229355245829,0.16064518690109253
c4-2048,0,4,PR-hi/8,2.4977962970733643,2.8330135345458984
c4-2048,0,4,PR-hi/16,2.2909951210021973,2.7312986850738525
c4-2048,0,4,PR-hi/32,0.9552288055419922,1.7725720405578613
c4-2048,0,4,PR-en/8,0.26377806067466736,1.0902982950210571
c4-2048,0,4,PR-en/16,0.046598225831985474,0.3557872176170349
c4-2048,0,4,PR-en/32,0.01744321547448635,0.23808494210243225
c4-2048,0,4,PR-2n/8,0.25985270738601685,1.0835882425308228
c4-2048,0,4,PR-2n/16,0.04341107979416847,0.34523358941078186
c4-2048,0,4,PR-2n/32,0.016521431505680084,0.23268835246562958
c4-2048,0,4,FOLD-mean/8,1.1284148693084717,1.9624849557876587
c4-2048,0,4,FOLD-mean/16,0.6535359621047974,1.423630714416504
c4-2048,0,4,FOLD-mean/32,0.2953285872936249,0.8710675835609436
c4-2048,0,5,EXACT,0.006533723324537277,0.17504765093326569
c4-2048,0,5,NOPE,2.133392810821533,2.045654773712158
c4-2048,0,5,OPT/8,0.018084390088915825,0.26432541012763977
c4-2048,0,5,OPT/16,0.009001895785331726,0.19232158362865448
c4-2048,0,5,OPT/32,0.006846148520708084,0.17728526890277863
c4-2048,0,5,PR-hi/8,2.094799518585205,2.0243520736694336
c4-2048,0,5,PR-hi/16,1.923020362854004,1.9781675338745117
c4-2048,0,5,PR-hi/32,0.8127780556678772,1.4183827638626099
c4-2048,0,5,PR-en/8,0.2114114612340927,0.7607847452163696
c4-2048,0,5,PR-en/16,0.05692816525697708,0.4159698188304901
c4-2048,0,5,PR-en/32,0.02116985246539116,0.2549320161342621
c4-2048,0,5,PR-2n/8,0.20875582098960876,0.759299635887146
c4-2048,0,5,PR-2n/16,0.05237638205289841,0.39979490637779236
c4-2048,0,5,PR-2n/32,0.02011779695749283,0.24809901416301727
c4-2048,0,5,FOLD-mean/8,0.9860320687294006,1.5150399208068848
c4-2048,0,5,FOLD-mean/16,0.6690123081207275,1.3526848554611206
c4-2048,0,5,FOLD-mean/32,0.2921093702316284,0.8587320446968079
c4-2048,0,6,EXACT,0.010091274976730347,0.19206248223781586
c4-2048,0,6,NOPE,1.7003445625305176,1.8623682260513306
c4-2048,0,6,OPT/8,0.021774472668766975,0.2591382563114166
c4-2048,0,6,OPT/16,0.013672098517417908,0.2067948430776596
c4-2048,0,6,OPT/32,0.010563313961029053,0.19444215297698975
c4-2048,0,6,PR-hi/8,1.6857497692108154,1.8539506196975708
c4-2048,0,6,PR-hi/16,1.591660499572754,1.819884181022644
c4-2048,0,6,PR-hi/32,0.7252377271652222,1.2820494174957275
c4-2048,0,6,PR-en/8,0.16442759335041046,0.6952098608016968
c4-2048,0,6,PR-en/16,0.08922035992145538,0.4157857596874237
c4-2048,0,6,PR-en/32,0.040234342217445374,0.30009010434150696
c4-2048,0,6,PR-2n/8,0.1626652330160141,0.6919459104537964
c4-2048,0,6,PR-2n/16,0.08619768917560577,0.4059944152832031
c4-2048,0,6,PR-2n/32,0.03766613453626633,0.2916502356529236
c4-2048,0,6,FOLD-mean/8,0.5454058647155762,1.0183268785476685
c4-2048,0,6,FOLD-mean/16,0.3984171152114868,0.8982425928115845
c4-2048,0,6,FOLD-mean/32,0.2760087847709656,0.6903383135795593
c4-2048,0,7,EXACT,0.011622864753007889,0.20009082555770874
c4-2048,0,7,NOPE,1.5231887102127075,1.5499061346054077
c4-2048,0,7,OPT/8,0.022823313251137733,0.2672433853149414
c4-2048,0,7,OPT/16,0.014826606959104538,0.21663427352905273
c4-2048,0,7,OPT/32,0.01205653976649046,0.20209340751171112
c4-2048,0,7,PR-hi/8,1.5181066989898682,1.5461047887802124
c4-2048,0,7,PR-hi/16,1.438561201095581,1.5155041217803955
c4-2048,0,7,PR-hi/32,0.6793313026428223,1.0824530124664307
c4-2048,0,7,PR-en/8,0.14364299178123474,0.5452922582626343
c4-2048,0,7,PR-en/16,0.07767368853092194,0.389919251203537
c4-2048,0,7,PR-en/32,0.03444148600101471,0.2806083858013153
c4-2048,0,7,PR-2n/8,0.13456302881240845,0.5343911647796631
c4-2048,0,7,PR-2n/16,0.07408089935779572,0.381162166595459
c4-2048,0,7,PR-2n/32,0.03203053027391434,0.2734012007713318
c4-2048,0,7,FOLD-mean/8,0.535179615020752,1.0760225057601929
c4-2048,0,7,FOLD-mean/16,0.4198956787586212,0.9157214164733887
c4-2048,0,7,FOLD-mean/32,0.2629442512989044,0.667773962020874
c4-2048,0,8,EXACT,0.013566311448812485,0.20591342449188232
c4-2048,0,8,NOPE,1.8073313236236572,1.369494915008545
c4-2048,0,8,OPT/8,0.027143236249685287,0.26742562651634216
c4-2048,0,8,OPT/16,0.017363257706165314,0.2197522222995758
c4-2048,0,8,OPT/32,0.014071712270379066,0.20739693939685822
c4-2048,0,8,PR-hi/8,1.79740309715271,1.362862229347229
c4-2048,0,8,PR-hi/16,1.7130742073059082,1.342524766921997
c4-2048,0,8,PR-hi/32,0.8333398103713989,1.0010113716125488
c4-2048,0,8,PR-en/8,0.16598817706108093,0.5305155515670776
c4-2048,0,8,PR-en/16,0.07925910502672195,0.3623518943786621
c4-2048,0,8,PR-en/32,0.03629743680357933,0.27106934785842896
c4-2048,0,8,PR-2n/8,0.1661073863506317,0.5304361581802368
c4-2048,0,8,PR-2n/16,0.07420161366462708,0.35192233324050903
c4-2048,0,8,PR-2n/32,0.0360310822725296,0.27107590436935425
c4-2048,0,8,FOLD-mean/8,0.8191084861755371,1.1775227785110474
c4-2048,0,8,FOLD-mean/16,0.6887803673744202,1.0322085618972778
c4-2048,0,8,FOLD-mean/32,0.32534462213516235,0.6898311376571655
c4-2048,0,9,EXACT,0.016073189675807953,0.18858055770397186
c4-2048,0,9,NOPE,1.8150652647018433,1.2725738286972046
c4-2048,0,9,OPT/8,0.031473398208618164,0.2695434093475342
c4-2048,0,9,OPT/16,0.02047817036509514,0.2093065083026886
c4-2048,0,9,OPT/32,0.016762997955083847,0.19163179397583008
c4-2048,0,9,PR-hi/8,1.8093582391738892,1.2707452774047852
c4-2048,0,9,PR-hi/16,1.7047834396362305,1.2459861040115356
c4-2048,0,9,PR-hi/32,0.8244659900665283,0.9204254150390625
c4-2048,0,9,PR-en/8,0.15404464304447174,0.4627756178379059
c4-2048,0,9,PR-en/16,0.07350070774555206,0.31946760416030884
c4-2048,0,9,PR-en/32,0.03875933587551117,0.25402501225471497
c4-2048,0,9,PR-2n/8,0.15071368217468262,0.4565153419971466
c4-2048,0,9,PR-2n/16,0.07018304616212845,0.3145381212234497
c4-2048,0,9,PR-2n/32,0.03743573650717735,0.24826939404010773
c4-2048,0,9,FOLD-mean/8,0.768393874168396,0.9129747748374939
c4-2048,0,9,FOLD-mean/16,0.6031969785690308,0.8472501635551453
c4-2048,0,9,FOLD-mean/32,0.31571370363235474,0.5704843401908875
c4-2048,0,10,EXACT,0.016228104010224342,0.1871323436498642
c4-2048,0,10,NOPE,1.7548742294311523,1.0940369367599487
c4-2048,0,10,OPT/8,0.02975280210375786,0.2359399050474167
c4-2048,0,10,OPT/16,0.020919399335980415,0.20655879378318787
c4-2048,0,10,OPT/32,0.016989491879940033,0.19001902639865875
c4-2048,0,10,PR-hi/8,1.736112117767334,1.0893809795379639
c4-2048,0,10,PR-hi/16,1.6628150939941406,1.077627182006836
c4-2048,0,10,PR-hi/32,0.8938541412353516,0.8778432607650757
c4-2048,0,10,PR-en/8,0.17684365808963776,0.4566630423069
c4-2048,0,10,PR-en/16,0.08673947304487228,0.33916398882865906
c4-2048,0,10,PR-en/32,0.045678067952394485,0.2674112319946289
c4-2048,0,10,PR-2n/8,0.17238964140415192,0.4576192796230316
c4-2048,0,10,PR-2n/16,0.08233091235160828,0.3340674340724945
c4-2048,0,10,PR-2n/32,0.04523308575153351,0.26695993542671204
c4-2048,0,10,FOLD-mean/8,0.9095168709754944,0.9076790809631348
c4-2048,0,10,FOLD-mean/16,0.6869717240333557,0.8577889800071716
c4-2048,0,10,FOLD-mean/32,0.3148033022880554,0.5643384456634521
c4-2048,0,11,EXACT,0.017361830919981003,0.23403847217559814
c4-2048,0,11,NOPE,1.1568796634674072,1.0867670774459839
c4-2048,0,11,OPT/8,0.029547084122896194,0.2864820063114166
c4-2048,0,11,OPT/16,0.02190369926393032,0.2553308606147766
c4-2048,0,11,OPT/32,0.018086522817611694,0.23727694153785706
c4-2048,0,11,PR-hi/8,1.1530494689941406,1.0858664512634277
c4-2048,0,11,PR-hi/16,1.1104342937469482,1.0679075717926025
c4-2048,0,11,PR-hi/32,0.6563014984130859,0.8606560230255127
c4-2048,0,11,PR-en/8,0.1493021696805954,0.5013900399208069
c4-2048,0,11,PR-en/16,0.09297025203704834,0.38857969641685486
c4-2048,0,11,PR-en/32,0.04757872223854065,0.29139742255210876
c4-2048,0,11,PR-2n/8,0.14359885454177856,0.49311259388923645
c4-2048,0,11,PR-2n/16,0.09030229598283768,0.3841173052787781
c4-2048,0,11,PR-2n/32,0.04611067473888397,0.28767427802085876
c4-2048,0,11,FOLD-mean/8,0.49733343720436096,0.7796155214309692
c4-2048,0,11,FOLD-mean/16,0.40017351508140564,0.6896020770072937
c4-2048,0,11,FOLD-mean/32,0.2601310610771179,0.5346899628639221
c4-2048,0,12,EXACT,0.01555459201335907,0.190656840801239
c4-2048,0,12,NOPE,1.4343767166137695,1.19265615940094
c4-2048,0,12,OPT/8,0.02889092080295086,0.24735255539417267
c4-2048,0,12,OPT/16,0.019889507442712784,0.20845873653888702
c4-2048,0,12,OPT/32,0.016260001808404922,0.19341574609279633
c4-2048,0,12,PR-hi/8,1.4231953620910645,1.1829537153244019
c4-2048,0,12,PR-hi/16,1.3707338571548462,1.1627658605575562
c4-2048,0,12,PR-hi/32,0.7636942267417908,0.919241726398468
c4-2048,0,12,PR-en/8,0.1421756148338318,0.46134355664253235
c4-2048,0,12,PR-en/16,0.09475056082010269,0.37813663482666016
c4-2048,0,12,PR-en/32,0.04691855609416962,0.27504807710647583
c4-2048,0,12,PR-2n/8,0.14049232006072998,0.4600123465061188
c4-2048,0,12,PR-2n/16,0.09148266911506653,0.37369829416275024
c4-2048,0,12,PR-2n/32,0.04715392366051674,0.27506211400032043
c4-2048,0,12,FOLD-mean/8,0.59389328956604,0.845456600189209
c4-2048,0,12,FOLD-mean/16,0.5036929249763489,0.7921143174171448
c4-2048,0,12,FOLD-mean/32,0.33041125535964966,0.6006254553794861
c4-2048,0,13,EXACT,0.014684547670185566,0.17332491278648376
c4-2048,0,13,NOPE,1.48588228225708,1.2547425031661987
c4-2048,0,13,OPT/8,0.02685648202896118,0.22168853878974915
c4-2048,0,13,OPT/16,0.018605830147862434,0.18620888888835907
c4-2048,0,13,OPT/32,0.015278616920113564,0.17470328509807587
c4-2048,0,13,PR-hi/8,1.475078821182251,1.2519112825393677
c4-2048,0,13,PR-hi/16,1.4058458805084229,1.2278939485549927
c4-2048,0,13,PR-hi/32,0.7564468383789062,0.9049429893493652
c4-2048,0,13,PR-en/8,0.14648708701133728,0.49480026960372925
c4-2048,0,13,PR-en/16,0.07616431266069412,0.30983975529670715
c4-2048,0,13,PR-en/32,0.04118872433900833,0.2360481470823288
c4-2048,0,13,PR-2n/8,0.14442023634910583,0.49124109745025635
c4-2048,0,13,PR-2n/16,0.07307474315166473,0.30539828538894653
c4-2048,0,13,PR-2n/32,0.040691882371902466,0.23572364449501038
c4-2048,0,13,FOLD-mean/8,0.6821084022521973,0.9345505237579346
c4-2048,0,13,FOLD-mean/16,0.5209370255470276,0.7995702028274536
c4-2048,0,13,FOLD-mean/32,0.3033693730831146,0.5597510933876038
c4-2048,0,14,EXACT,0.017910275608301163,0.20387595891952515
c4-2048,0,14,NOPE,1.1412904262542725,1.0329160690307617
c4-2048,0,14,OPT/8,0.030300935730338097,0.2481974959373474
c4-2048,0,14,OPT/16,0.022381998598575592,0.21702338755130768
c4-2048,0,14,OPT/32,0.018728863447904587,0.20602655410766602
c4-2048,0,14,PR-hi/8,1.1263339519500732,1.024932622909546
c4-2048,0,14,PR-hi/16,1.0772452354431152,1.0097366571426392
c4-2048,0,14,PR-hi/32,0.5766397714614868,0.7424275875091553
c4-2048,0,14,PR-en/8,0.1507164090871811,0.4259735941886902
c4-2048,0,14,PR-en/16,0.09898152202367783,0.3432064950466156
c4-2048,0,14,PR-en/32,0.05365251004695892,0.26810306310653687
c4-2048,0,14,PR-2n/8,0.14682301878929138,0.42171692848205566
c4-2048,0,14,PR-2n/16,0.09464076161384583,0.3363637626171112
c4-2048,0,14,PR-2n/32,0.05214299261569977,0.26399484276771545
c4-2048,0,14,FOLD-mean/8,0.509494960308075,0.7461931109428406
c4-2048,0,14,FOLD-mean/16,0.4682573676109314,0.7028198838233948
c4-2048,0,14,FOLD-mean/32,0.30229508876800537,0.5294845700263977
c4-2048,0,15,EXACT,0.022648166865110397,0.22839954495429993
c4-2048,0,15,NOPE,1.5728683471679688,1.1455888748168945
c4-2048,0,15,OPT/8,0.035005901008844376,0.27088502049446106
c4-2048,0,15,OPT/16,0.02641960419714451,0.23722806572914124
c4-2048,0,15,OPT/32,0.02326870709657669,0.22980718314647675
c4-2048,0,15,PR-hi/8,1.553261637687683,1.1368639469146729
c4-2048,0,15,PR-hi/16,1.460763931274414,1.1123363971710205
c4-2048,0,15,PR-hi/32,0.7258749008178711,0.8379935026168823
c4-2048,0,15,PR-en/8,0.15271775424480438,0.4413047730922699
c4-2048,0,15,PR-en/16,0.07958848774433136,0.32877591252326965
c4-2048,0,15,PR-en/32,0.046904511749744415,0.2724353075027466
c4-2048,0,15,PR-2n/8,0.14950306713581085,0.43774643540382385
c4-2048,0,15,PR-2n/16,0.07483594119548798,0.31870943307876587
c4-2048,0,15,PR-2n/32,0.04583735764026642,0.2687300741672516
c4-2048,0,15,FOLD-mean/8,0.690952718257904,0.843779444694519
c4-2048,0,15,FOLD-mean/16,0.6233989000320435,0.827082097530365
c4-2048,0,15,FOLD-mean/32,0.36287200450897217,0.5933677554130554
c4-2048,0,16,EXACT,0.017158953472971916,0.1693081259727478
c4-2048,0,16,NOPE,1.4153631925582886,1.0554378032684326
c4-2048,0,16,OPT/8,0.02795921079814434,0.20751219987869263
c4-2048,0,16,OPT/16,0.02017887495458126,0.1767798513174057
c4-2048,0,16,OPT/32,0.017662134021520615,0.17045529186725616
c4-2048,0,16,PR-hi/8,1.392533302307129,1.051381230354309
c4-2048,0,16,PR-hi/16,1.3214222192764282,1.031484603881836
c4-2048,0,16,PR-hi/32,0.6832347512245178,0.7789310216903687
c4-2048,0,16,PR-en/8,0.12510381639003754,0.36593329906463623
c4-2048,0,16,PR-en/16,0.07263137400150299,0.2746447026729584
c4-2048,0,16,PR-en/32,0.04138490557670593,0.22141824662685394
c4-2048,0,16,PR-2n/8,0.12144144624471664,0.36106330156326294
c4-2048,0,16,PR-2n/16,0.06930123269557953,0.2689715325832367
c4-2048,0,16,PR-2n/32,0.041132256388664246,0.22047753632068634
c4-2048,0,16,FOLD-mean/8,0.6038484573364258,0.7955032587051392
c4-2048,0,16,FOLD-mean/16,0.5601128339767456,0.7575132846832275
c4-2048,0,16,FOLD-mean/32,0.30794283747673035,0.5110013484954834
c4-2048,0,17,EXACT,0.016328593716025352,0.20175494253635406
c4-2048,0,17,NOPE,1.264807939529419,1.590275764465332
c4-2048,0,17,OPT/8,0.030689798295497894,0.28681662678718567
c4-2048,0,17,OPT/16,0.020481795072555542,0.2240147888660431
c4-2048,0,17,OPT/32,0.016955947503447533,0.2044350802898407
c4-2048,0,17,PR-hi/8,1.2385215759277344,1.5706357955932617
c4-2048,0,17,PR-hi/16,1.163257360458374,1.5086525678634644
c4-2048,0,17,PR-hi/32,0.592707633972168,0.9467413425445557
c4-2048,0,17,PR-en/8,0.12023016065359116,0.4852432608604431
c4-2048,0,17,PR-en/16,0.06267862021923065,0.3010658025741577
c4-2048,0,17,PR-en/32,0.036454521119594574,0.24344617128372192
c4-2048,0,17,PR-2n/8,0.11515673249959946,0.47802141308784485
c4-2048,0,17,PR-2n/16,0.06111149862408638,0.2979583740234375
c4-2048,0,17,PR-2n/32,0.03636806830763817,0.24315355718135834
c4-2048,0,17,FOLD-mean/8,0.5642578601837158,1.0809953212738037
c4-2048,0,17,FOLD-mean/16,0.43237602710723877,0.8907988667488098
c4-2048,0,17,FOLD-mean/32,0.2812487483024597,0.6954696178436279
c4-2048,0,18,EXACT,0.018711648881435394,0.23216548562049866
c4-2048,0,18,NOPE,1.5715745687484741,1.791379690170288
c4-2048,0,18,OPT/8,0.032201021909713745,0.3249553442001343
c4-2048,0,18,OPT/16,0.02187376096844673,0.25231850147247314
c4-2048,0,18,OPT/32,0.019154351204633713,0.23506058752536774
c4-2048,0,18,PR-hi/8,1.546976923942566,1.78083336353302
c4-2048,0,18,PR-hi/16,1.4226136207580566,1.7197520732879639
c4-2048,0,18,PR-hi/32,0.5763609409332275,1.1191048622131348
c4-2048,0,18,PR-en/8,0.1246660128235817,0.4993602931499481
c4-2048,0,18,PR-en/16,0.061171818524599075,0.3368090093135834
c4-2048,0,18,PR-en/32,0.03598441556096077,0.2814125418663025
c4-2048,0,18,PR-2n/8,0.12057767063379288,0.4898638129234314
c4-2048,0,18,PR-2n/16,0.057469893246889114,0.3296186029911041
c4-2048,0,18,PR-2n/32,0.035545505583286285,0.2804724872112274
c4-2048,0,18,FOLD-mean/8,0.6823633909225464,1.2136002779006958
c4-2048,0,18,FOLD-mean/16,0.5933823585510254,1.141477346420288
c4-2048,0,18,FOLD-mean/32,0.33758649230003357,0.864888608455658
c4-2048,0,19,EXACT,0.015429742634296417,0.23559679090976715
c4-2048,0,19,NOPE,1.2190654277801514,1.592669129371643
c4-2048,0,19,OPT/8,0.02664957195520401,0.3038201928138733
c4-2048,0,19,OPT/16,0.018564997240900993,0.25163623690605164
c4-2048,0,19,OPT/32,0.015859639272093773,0.23722878098487854
c4-2048,0,19,PR-hi/8,1.2012232542037964,1.5749342441558838
c4-2048,0,19,PR-hi/16,1.1250723600387573,1.53350031375885
c4-2048,0,19,PR-hi/32,0.5579915046691895,1.0640865564346313
c4-2048,0,19,PR-en/8,0.11341138929128647,0.5323898196220398
c4-2048,0,19,PR-en/16,0.05956980958580971,0.38051551580429077
c4-2048,0,19,PR-en/32,0.0345781147480011,0.30933406949043274
c4-2048,0,19,PR-2n/8,0.11113645881414413,0.5267689228057861
c4-2048,0,19,PR-2n/16,0.056425850838422775,0.3729349970817566
c4-2048,0,19,PR-2n/32,0.03401225432753563,0.30792489647865295
c4-2048,0,19,FOLD-mean/8,0.5016522407531738,0.9699739217758179
c4-2048,0,19,FOLD-mean/16,0.3948294520378113,0.8910831809043884
c4-2048,0,19,FOLD-mean/32,0.27603185176849365,0.723526656627655
c4-2048,0,20,EXACT,0.01618875563144684,0.18219336867332458
c4-2048,0,20,NOPE,1.288515567779541,1.2768744230270386
c4-2048,0,20,OPT/8,0.030338190495967865,0.2681165635585785
c4-2048,0,20,OPT/16,0.01999327726662159,0.2012602984905243
c4-2048,0,20,OPT/32,0.01666157692670822,0.18352735042572021
c4-2048,0,20,PR-hi/8,1.2669651508331299,1.2712994813919067
c4-2048,0,20,PR-hi/16,1.179628610610962,1.2410542964935303
c4-2048,0,20,PR-hi/32,0.5872648358345032,0.8968902826309204
c4-2048,0,20,PR-en/8,0.1290818154811859,0.4208488464355469
c4-2048,0,20,PR-en/16,0.06558023393154144,0.2945903539657593
c4-2048,0,20,PR-en/32,0.037752896547317505,0.23449449241161346
c4-2048,0,20,PR-2n/8,0.12708637118339539,0.4174515902996063
c4-2048,0,20,PR-2n/16,0.06358633935451508,0.2898501455783844
c4-2048,0,20,PR-2n/32,0.036970220506191254,0.23261235654354095
c4-2048,0,20,FOLD-mean/8,0.5633895397186279,0.8516267538070679
c4-2048,0,20,FOLD-mean/16,0.4160999059677124,0.7290731072425842
c4-2048,0,20,FOLD-mean/32,0.2759912610054016,0.567808985710144
c4-2048,0,21,EXACT,0.013788273558020592,0.22142180800437927
c4-2048,0,21,NOPE,0.9911866784095764,1.5273939371109009
c4-2048,0,21,OPT/8,0.025675926357507706,0.3392442464828491
c4-2048,0,21,OPT/16,0.016977742314338684,0.25484758615493774
c4-2048,0,21,OPT/32,0.01414887048304081,0.22408968210220337
c4-2048,0,21,PR-hi/8,0.9771267771720886,1.5108695030212402
c4-2048,0,21,PR-hi/16,0.9200600981712341,1.47616708278656
c4-2048,0,21,PR-hi/32,0.45661622285842896,0.9355382919311523
c4-2048,0,21,PR-en/8,0.09873813390731812,0.4761093854904175
c4-2048,0,21,PR-en/16,0.05501796305179596,0.34379568696022034
c4-2048,0,21,PR-en/32,0.029950719326734543,0.27106592059135437
c4-2048,0,21,PR-2n/8,0.09589127451181412,0.46655896306037903
c4-2048,0,21,PR-2n/16,0.054560814052820206,0.3426089286804199
c4-2048,0,21,PR-2n/32,0.02951798588037491,0.26973557472229004
c4-2048,0,21,FOLD-mean/8,0.34095004200935364,0.8445243835449219
c4-2048,0,21,FOLD-mean/16,0.29109838604927063,0.7545140981674194
c4-2048,0,21,FOLD-mean/32,0.2039462774991989,0.61211097240448
c4-2048,0,22,EXACT,0.021901868283748627,0.2587049603462219
c4-2048,0,22,NOPE,1.3707966804504395,1.7642614841461182
c4-2048,0,22,OPT/8,0.038835763931274414,0.359445720911026
c4-2048,0,22,OPT/16,0.025693004950881004,0.2792300879955292
c4-2048,0,22,OPT/32,0.022344976663589478,0.2607637643814087
c4-2048,0,22,PR-hi/8,1.3303619623184204,1.7190818786621094
c4-2048,0,22,PR-hi/16,1.2237954139709473,1.6600749492645264
c4-2048,0,22,PR-hi/32,0.5442049503326416,1.0486656427383423
c4-2048,0,22,PR-en/8,0.125907301902771,0.5351988673210144
c4-2048,0,22,PR-en/16,0.06702795624732971,0.3526650667190552
c4-2048,0,22,PR-en/32,0.04019182175397873,0.2848213016986847
c4-2048,0,22,PR-2n/8,0.11993394792079926,0.4913846552371979
c4-2048,0,22,PR-2n/16,0.06357309967279434,0.3408251106739044
c4-2048,0,22,PR-2n/32,0.039696455001831055,0.283073365688324
c4-2048,0,22,FOLD-mean/8,0.7195963859558105,1.4379467964172363
c4-2048,0,22,FOLD-mean/16,0.5932486653327942,1.0553395748138428
c4-2048,0,22,FOLD-mean/32,0.30629152059555054,0.7214624285697937
c4-2048,0,23,EXACT,0.01966225914657116,0.2798748314380646
c4-2048,0,23,NOPE,1.1219849586486816,1.5138081312179565
c4-2048,0,23,OPT/8,0.03500710055232048,0.4139115512371063
c4-2048,0,23,OPT/16,0.024059731513261795,0.32011958956718445
c4-2048,0,23,OPT/32,0.02019977942109108,0.2842837870121002
c4-2048,0,23,PR-hi/8,1.1020954847335815,1.4939554929733276
c4-2048,0,23,PR-hi/16,1.0302797555923462,1.4489259719848633
c4-2048,0,23,PR-hi/32,0.41631513833999634,0.8798481225967407
c4-2048,0,23,PR-en/8,0.09477013349533081,0.45753833651542664
c4-2048,0,23,PR-en/16,0.05103374645113945,0.3515808880329132
c4-2048,0,23,PR-en/32,0.032105326652526855,0.30588728189468384
c4-2048,0,23,PR-2n/8,0.0931319072842598,0.4520229697227478
c4-2048,0,23,PR-2n/16,0.049717485904693604,0.34834718704223633
c4-2048,0,23,PR-2n/32,0.0316702276468277,0.3047274947166443
c4-2048,0,23,FOLD-mean/8,0.3129522502422333,0.780254065990448
c4-2048,0,23,FOLD-mean/16,0.30868685245513916,0.7819501757621765
c4-2048,0,23,FOLD-mean/32,0.22754523158073425,0.6568012237548828
c4-2048,0,24,EXACT,0.020602717995643616,0.20932844281196594
c4-2048,0,24,NOPE,1.1246870756149292,1.1593931913375854
c4-2048,0,24,OPT/8,0.03405147045850754,0.27728548645973206
c4-2048,0,24,OPT/16,0.02423325926065445,0.22581684589385986
c4-2048,0,24,OPT/32,0.02107536792755127,0.21038442850112915
c4-2048,0,24,PR-hi/8,1.1065794229507446,1.1532671451568604
c4-2048,0,24,PR-hi/16,1.0508369207382202,1.1276661157608032
c4-2048,0,24,PR-hi/32,0.5181382298469543,0.8023408651351929
c4-2048,0,24,PR-en/8,0.1163771003484726,0.39303258061408997
c4-2048,0,24,PR-en/16,0.06820422410964966,0.3114126920700073
c4-2048,0,24,PR-en/32,0.03975295647978783,0.25492456555366516
c4-2048,0,24,PR-2n/8,0.10787007212638855,0.3765315115451813
c4-2048,0,24,PR-2n/16,0.06457797437906265,0.30515360832214355
c4-2048,0,24,PR-2n/32,0.03875363618135452,0.25255051255226135
c4-2048,0,24,FOLD-mean/8,0.3132942020893097,0.5889986753463745
c4-2048,0,24,FOLD-mean/16,0.28264540433883667,0.552619218826294
c4-2048,0,24,FOLD-mean/32,0.24439632892608643,0.5260605216026306
c4-2048,0,25,EXACT,0.027233179658651352,0.29366326332092285
c4-2048,0,25,NOPE,0.9850517511367798,1.7603864669799805
c4-2048,0,25,OPT/8,0.04307027906179428,0.41750288009643555
c4-2048,0,25,OPT/16,0.03188302740454674,0.3253917694091797
c4-2048,0,25,OPT/32,0.027690060436725616,0.29540345072746277
c4-2048,0,25,PR-hi/8,0.9655751585960388,1.7329137325286865
c4-2048,0,25,PR-hi/16,0.9277637004852295,1.6905149221420288
c4-2048,0,25,PR-hi/32,0.46281200647354126,1.1343250274658203
c4-2048,0,25,PR-en/8,0.10508617758750916,0.5909899473190308
c4-2048,0,25,PR-en/16,0.06659877300262451,0.4330231249332428
c4-2048,0,25,PR-en/32,0.04569358378648758,0.3612684905529022
c4-2048,0,25,PR-2n/8,0.10203219950199127,0.5796149373054504
c4-2048,0,25,PR-2n/16,0.0649544894695282,0.42916038632392883
c4-2048,0,25,PR-2n/32,0.0451834574341774,0.35895904898643494
c4-2048,0,25,FOLD-mean/8,0.3606114983558655,0.9778233170509338
c4-2048,0,25,FOLD-mean/16,0.3042757511138916,0.815324068069458
c4-2048,0,25,FOLD-mean/32,0.25203797221183777,0.6938143372535706
c4-2048,0,26,EXACT,0.028073102235794067,0.23557358980178833
c4-2048,0,26,NOPE,1.3552849292755127,1.0997004508972168
c4-2048,0,26,OPT/8,0.04360765963792801,0.30329254269599915
c4-2048,0,26,OPT/16,0.032543815672397614,0.2548472285270691
c4-2048,0,26,OPT/32,0.028545279055833817,0.23650680482387543
c4-2048,0,26,PR-hi/8,1.32741379737854,1.0903178453445435
c4-2048,0,26,PR-hi/16,1.2372803688049316,1.060430645942688
c4-2048,0,26,PR-hi/32,0.5712428092956543,0.7308987379074097
c4-2048,0,26,PR-en/8,0.15333868563175201,0.434190958738327
c4-2048,0,26,PR-en/16,0.08014412969350815,0.3237267732620239
c4-2048,0,26,PR-en/32,0.05184306204319,0.27889034152030945
c4-2048,0,26,PR-2n/8,0.14475131034851074,0.42205530405044556
c4-2048,0,26,PR-2n/16,0.07462657988071442,0.314738392829895
c4-2048,0,26,PR-2n/32,0.050671860575675964,0.2773219347000122
c4-2048,0,26,FOLD-mean/8,0.572125256061554,0.8013482093811035
c4-2048,0,26,FOLD-mean/16,0.40465468168258667,0.6599173545837402
c4-2048,0,26,FOLD-mean/32,0.30338558554649353,0.5407647490501404
c4-2048,0,27,EXACT,0.025376085191965103,0.29986900091171265
c4-2048,0,27,NOPE,1.40214204788208,1.6478748321533203
c4-2048,0,27,OPT/8,0.040819719433784485,0.39755481481552124
c4-2048,0,27,OPT/16,0.02995392680168152,0.3297814428806305
c4-2048,0,27,OPT/32,0.025947464630007744,0.30143386125564575
c4-2048,0,27,PR-hi/8,1.3801441192626953,1.6364198923110962
c4-2048,0,27,PR-hi/16,1.2996830940246582,1.6003223657608032
c4-2048,0,27,PR-hi/32,0.5561069846153259,1.0683960914611816
c4-2048,0,27,PR-en/8,0.09811202436685562,0.49285459518432617
c4-2048,0,27,PR-en/16,0.054016802459955215,0.36945992708206177
c4-2048,0,27,PR-en/32,0.03992367163300514,0.3276814818382263
c4-2048,0,27,PR-2n/8,0.09515608847141266,0.49039843678474426
c4-2048,0,27,PR-2n/16,0.053314968943595886,0.3680458962917328
c4-2048,0,27,PR-2n/32,0.03937772661447525,0.3267757296562195
c4-2048,0,27,FOLD-mean/8,0.5284073948860168,1.0627161264419556
c4-2048,0,27,FOLD-mean/16,0.44557684659957886,0.9475772380828857
c4-2048,0,27,FOLD-mean/32,0.3079919219017029,0.7813738584518433
c4-2048,0,28,EXACT,0.030346672981977463,0.26974087953567505
c4-2048,0,28,NOPE,1.2886767387390137,1.4537076950073242
c4-2048,0,28,OPT/8,0.04879177361726761,0.3890075981616974
c4-2048,0,28,OPT/16,0.03495006635785103,0.29229936003685
c4-2048,0,28,OPT/32,0.030898094177246094,0.271325021982193
c4-2048,0,28,PR-hi/8,1.2727062702178955,1.4431631565093994
c4-2048,0,28,PR-hi/16,1.1809206008911133,1.3901039361953735
c4-2048,0,28,PR-hi/32,0.5515071153640747,0.8322557806968689
c4-2048,0,28,PR-en/8,0.11823104321956635,0.4506371319293976
c4-2048,0,28,PR-en/16,0.07331046462059021,0.3564838767051697
c4-2048,0,28,PR-en/32,0.05222306400537491,0.30892983078956604
c4-2048,0,28,PR-2n/8,0.11731836199760437,0.4490998685359955
c4-2048,0,28,PR-2n/16,0.0716235488653183,0.35150980949401855
c4-2048,0,28,PR-2n/32,0.051866237074136734,0.30820104479789734
c4-2048,0,28,FOLD-mean/8,0.4977757930755615,0.7782737612724304
c4-2048,0,28,FOLD-mean/16,0.379233717918396,0.7494269013404846
c4-2048,0,28,FOLD-mean/32,0.30404675006866455,0.6182900071144104
c4-2048,0,29,EXACT,0.02284141629934311,0.19660408794879913
c4-2048,0,29,NOPE,1.1886348724365234,1.1358201503753662
c4-2048,0,29,OPT/8,0.03728108108043671,0.26147425174713135
c4-2048,0,29,OPT/16,0.028024176135659218,0.22164154052734375
c4-2048,0,29,OPT/32,0.023587767034769058,0.19941788911819458
c4-2048,0,29,PR-hi/8,1.1703743934631348,1.1240652799606323
c4-2048,0,29,PR-hi/16,1.1110212802886963,1.0983353853225708
c4-2048,0,29,PR-hi/32,0.5711770057678223,0.7469297647476196
c4-2048,0,29,PR-en/8,0.12681002914905548,0.39382404088974
c4-2048,0,29,PR-en/16,0.07881209999322891,0.30383428931236267
c4-2048,0,29,PR-en/32,0.04934808984398842,0.2557174563407898
c4-2048,0,29,PR-2n/8,0.12431108951568604,0.3886285722255707
c4-2048,0,29,PR-2n/16,0.07714772969484329,0.3013770878314972
c4-2048,0,29,PR-2n/32,0.04852090775966644,0.2534683048725128
c4-2048,0,29,FOLD-mean/8,0.4402078092098236,0.669405996799469
c4-2048,0,29,FOLD-mean/16,0.4255489110946655,0.66031813621521
c4-2048,0,29,FOLD-mean/32,0.30375543236732483,0.5333206653594971
c4-2048,0,30,EXACT,0.02104119211435318,0.21650812029838562
c4-2048,0,30,NOPE,1.279584288597107,1.7160664796829224
c4-2048,0,30,OPT/8,0.03868541866540909,0.3538563549518585
c4-2048,0,30,OPT/16,0.026414919644594193,0.25051164627075195
c4-2048,0,30,OPT/32,0.021866783499717712,0.21894392371177673
c4-2048,0,30,PR-hi/8,1.2512532472610474,1.6664682626724243
c4-2048,0,30,PR-hi/16,1.1684238910675049,1.5991383790969849
c4-2048,0,30,PR-hi/32,0.5728856325149536,1.0454787015914917
c4-2048,0,30,PR-en/8,0.09728693962097168,0.47194546461105347
c4-2048,0,30,PR-en/16,0.05936697870492935,0.3110833168029785
c4-2048,0,30,PR-en/32,0.04055524617433548,0.2612772583961487
c4-2048,0,30,PR-2n/8,0.09313024580478668,0.4495987594127655
c4-2048,0,30,PR-2n/16,0.056593574583530426,0.3062635660171509
c4-2048,0,30,PR-2n/32,0.04025743901729584,0.25942927598953247
c4-2048,0,30,FOLD-mean/8,0.3656949996948242,0.8049929141998291
c4-2048,0,30,FOLD-mean/16,0.3638836145401001,0.8021207451820374
c4-2048,0,30,FOLD-mean/32,0.29434922337532043,0.6418271064758301
c4-2048,0,31,EXACT,0.03588983789086342,0.21089409291744232
c4-2048,0,31,NOPE,1.461503505706787,0.6985710859298706
c4-2048,0,31,OPT/8,0.05628489330410957,0.2592097222805023
c4-2048,0,31,OPT/16,0.04315842315554619,0.22496344149112701
c4-2048,0,31,OPT/32,0.03722609579563141,0.21184363961219788
c4-2048,0,31,PR-hi/8,1.4359912872314453,0.6951873898506165
c4-2048,0,31,PR-hi/16,1.3631587028503418,0.6842063665390015
c4-2048,0,31,PR-hi/32,0.8504706621170044,0.5732821822166443
c4-2048,0,31,PR-en/8,0.29336804151535034,0.391279011964798
c4-2048,0,31,PR-en/16,0.1602303832769394,0.29722192883491516
c4-2048,0,31,PR-en/32,0.08680297434329987,0.2516794502735138
c4-2048,0,31,PR-2n/8,0.2832675576210022,0.38290345668792725
c4-2048,0,31,PR-2n/16,0.15185219049453735,0.29342180490493774
c4-2048,0,31,PR-2n/32,0.08479496091604233,0.2522997558116913
c4-2048,0,31,FOLD-mean/8,1.1020374298095703,0.6761717796325684
c4-2048,0,31,FOLD-mean/16,0.8213548064231873,0.5607961416244507
c4-2048,0,31,FOLD-mean/32,0.5156001448631287,0.44695162773132324
c4-4096,1,0,EXACT,5.4194892129544314e-08,0.00029471315792761743
c4-4096,1,0,NOPE,0.7445375919342041,0.9138502478599548
c4-4096,1,0,OPT/8,0.02758174017071724,0.07945942133665085
c4-4096,1,0,OPT/16,0.012338275089859962,0.04754672944545746
c4-4096,1,0,OPT/32,0.00141041143797338,0.011980310082435608
c4-4096,1,0,PR-hi/8,0.6522067785263062,0.7849710583686829
c4-4096,1,0,PR-hi/16,0.5794728994369507,0.6713379621505737
c4-4096,1,0,PR-hi/32,0.3539450168609619,0.3422641158103943
c4-4096,1,0,PR-en/8,0.37923675775527954,0.734127402305603
c4-4096,1,0,PR-en/16,0.21545469760894775,0.6150872707366943
c4-4096,1,0,PR-en/32,0.06284059584140778,0.37630924582481384
c4-4096,1,0,PR-2n/8,0.3837850093841553,0.7409608364105225
c4-4096,1,0,PR-2n/16,0.22106564044952393,0.6147770881652832
c4-4096,1,0,PR-2n/32,0.06299396604299545,0.4259645938873291
c4-4096,1,0,FOLD-mean/8,0.3824363350868225,0.9298406839370728
c4-4096,1,0,FOLD-mean/16,0.20169614255428314,0.4705580174922943
c4-4096,1,0,FOLD-mean/32,0.08369386941194534,0.23575125634670258
c4-4096,1,1,EXACT,2.0456554921111092e-05,0.006014151033014059
c4-4096,1,1,NOPE,1.6839077472686768,3.470834255218506
c4-4096,1,1,OPT/8,0.051980286836624146,0.15251357853412628
c4-4096,1,1,OPT/16,0.024070827290415764,0.10336333513259888
c4-4096,1,1,OPT/32,0.0019824113696813583,0.017792334780097008
c4-4096,1,1,PR-hi/8,1.6295239925384521,3.404256582260132
c4-4096,1,1,PR-hi/16,1.4484221935272217,3.2760772705078125
c4-4096,1,1,PR-hi/32,0.6935137510299683,0.9391744136810303
c4-4096,1,1,PR-en/8,0.9125491380691528,3.01400089263916
c4-4096,1,1,PR-en/16,0.44554445147514343,2.031113862991333
c4-4096,1,1,PR-en/32,0.07411830127239227,0.48861855268478394
c4-4096,1,1,PR-2n/8,0.9147240519523621,3.01725172996521
c4-4096,1,1,PR-2n/16,0.4521609842777252,2.174997329711914
c4-4096,1,1,PR-2n/32,0.07219739258289337,0.4903271794319153
c4-4096,1,1,FOLD-mean/8,1.2440080642700195,1.3976706266403198
c4-4096,1,1,FOLD-mean/16,0.5843809843063354,0.6633251309394836
c4-4096,1,1,FOLD-mean/32,0.24866917729377747,0.3304164707660675
c4-4096,1,2,EXACT,0.0012792107881978154,0.07026004791259766
c4-4096,1,2,NOPE,3.3518521785736084,3.2453765869140625
c4-4096,1,2,OPT/8,0.023061133921146393,0.3305133879184723
c4-4096,1,2,OPT/16,0.004968775901943445,0.14482201635837555
c4-4096,1,2,OPT/32,0.0015465826727449894,0.07354797422885895
c4-4096,1,2,PR-hi/8,3.2890279293060303,3.194298505783081
c4-4096,1,2,PR-hi/16,2.888758420944214,3.1340339183807373
c4-4096,1,2,PR-hi/32,1.1598641872406006,1.8788729906082153
c4-4096,1,2,PR-en/8,0.6862947940826416,2.220608711242676
c4-4096,1,2,PR-en/16,0.0885937437415123,0.5137948393821716
c4-4096,1,2,PR-en/32,0.013540108688175678,0.27178412675857544
c4-4096,1,2,PR-2n/8,0.6872031688690186,2.2220380306243896
c4-4096,1,2,PR-2n/16,0.0864870548248291,0.5439180731773376
c4-4096,1,2,PR-2n/32,0.013063021004199982,0.22269462049007416
c4-4096,1,2,FOLD-mean/8,2.1864829063415527,2.321343183517456
c4-4096,1,2,FOLD-mean/16,1.1912862062454224,1.7767131328582764
c4-4096,1,2,FOLD-mean/32,0.4488029181957245,0.92415452003479
c4-4096,1,3,EXACT,0.0037064244970679283,0.1411495804786682
c4-4096,1,3,NOPE,2.7031970024108887,3.150160074234009
c4-4096,1,3,OPT/8,0.017706573009490967,0.3311994671821594
c4-4096,1,3,OPT/16,0.005846253130584955,0.15810902416706085
c4-4096,1,3,OPT/32,0.0039807818830013275,0.14401941001415253
c4-4096,1,3,PR-hi/8,2.6802122592926025,3.0559000968933105
c4-4096,1,3,PR-hi/16,2.4366092681884766,2.843606472015381
c4-4096,1,3,PR-hi/32,1.0669775009155273,1.954521894454956
c4-4096,1,3,PR-en/8,0.19974616169929504,1.202987790107727
c4-4096,1,3,PR-en/16,0.050482384860515594,0.5035947561264038
c4-4096,1,3,PR-en/32,0.018842564895749092,0.30822813510894775
c4-4096,1,3,PR-2n/8,0.19661030173301697,1.2036690711975098
c4-4096,1,3,PR-2n/16,0.044639963656663895,0.48780691623687744
c4-4096,1,3,PR-2n/32,0.017292726784944534,0.2927086353302002
c4-4096,1,3,FOLD-mean/8,1.4030979871749878,2.140641689300537
c4-4096,1,3,FOLD-mean/16,0.7179985046386719,1.5506083965301514
c4-4096,1,3,FOLD-mean/32,0.30405718088150024,0.9118785262107849
c4-4096,1,4,EXACT,0.005544944200664759,0.15644903481006622
c4-4096,1,4,NOPE,3.0752151012420654,2.8987395763397217
c4-4096,1,4,OPT/8,0.017790189012885094,0.30710434913635254
c4-4096,1,4,OPT/16,0.007454857230186462,0.17447613179683685
c4-4096,1,4,OPT/32,0.005789078772068024,0.15837183594703674
c4-4096,1,4,PR-hi/8,3.0503506660461426,2.8897550106048584
c4-4096,1,4,PR-hi/16,2.8404946327209473,2.8070287704467773
c4-4096,1,4,PR-hi/32,1.3458263874053955,1.9919216632843018
c4-4096,1,4,PR-en/8,0.27923256158828735,1.0757702589035034
c4-4096,1,4,PR-en/16,0.04900773614645004,0.33625325560569763
c4-4096,1,4,PR-en/32,0.017427626997232437,0.22181090712547302
c4-4096,1,4,PR-2n/8,0.2740999460220337,1.066227912902832
c4-4096,1,4,PR-2n/16,0.04611225426197052,0.3264927268028259
c4-4096,1,4,PR-2n/32,0.016498444601893425,0.21686461567878723
c4-4096,1,4,FOLD-mean/8,1.4072225093841553,2.078277587890625
c4-4096,1,4,FOLD-mean/16,0.7958711385726929,1.5043776035308838
c4-4096,1,4,FOLD-mean/32,0.33208221197128296,0.8637131452560425
c4-4096,1,5,EXACT,0.005912582390010357,0.16834677755832672
c4-4096,1,5,NOPE,2.619471311569214,2.089276075363159
c4-4096,1,5,OPT/8,0.01819119043648243,0.26371169090270996
c4-4096,1,5,OPT/16,0.008564602583646774,0.18738488852977753
c4-4096,1,5,OPT/32,0.00625495333224535,0.17144304513931274
c4-4096,1,5,PR-hi/8,2.5812151432037354,2.0674753189086914
c4-4096,1,5,PR-hi/16,2.4029698371887207,2.0300896167755127
c4-4096,1,5,PR-hi/32,1.1388459205627441,1.5640147924423218
c4-4096,1,5,PR-en/8,0.22065609693527222,0.7545389533042908
c4-4096,1,5,PR-en/16,0.05670524016022682,0.4205673038959503
c4-4096,1,5,PR-en/32,0.02011706866323948,0.2467791885137558
c4-4096,1,5,PR-2n/8,0.21807661652565002,0.7556639909744263
c4-4096,1,5,PR-2n/16,0.0520659014582634,0.40712258219718933
c4-4096,1,5,PR-2n/32,0.019124815240502357,0.24020323157310486
c4-4096,1,5,FOLD-mean/8,1.1935431957244873,1.6018915176391602
c4-4096,1,5,FOLD-mean/16,0.816728949546814,1.4416080713272095
c4-4096,1,5,FOLD-mean/32,0.3474924862384796,0.9028522968292236
c4-4096,1,6,EXACT,0.010668857023119926,0.1917344033718109
c4-4096,1,6,NOPE,2.1475930213928223,1.9008362293243408
c4-4096,1,6,OPT/8,0.022813692688941956,0.25856322050094604
c4-4096,1,6,OPT/16,0.01441858895123005,0.2075231820344925
c4-4096,1,6,OPT/32,0.011183454655110836,0.19477297365665436
c4-4096,1,6,PR-hi/8,2.133039712905884,1.8943589925765991
c4-4096,1,6,PR-hi/16,2.0367825031280518,1.8703558444976807
c4-4096,1,6,PR-hi/32,1.059603214263916,1.4099698066711426
c4-4096,1,6,PR-en/8,0.17799673974514008,0.6905735731124878
c4-4096,1,6,PR-en/16,0.09289076179265976,0.4061208665370941
c4-4096,1,6,PR-en/32,0.041462305933237076,0.2950074076652527
c4-4096,1,6,PR-2n/8,0.17601338028907776,0.687309205532074
c4-4096,1,6,PR-2n/16,0.08943646401166916,0.3944808840751648
c4-4096,1,6,PR-2n/32,0.038916658610105515,0.28718140721321106
c4-4096,1,6,FOLD-mean/8,0.7454729080200195,1.1896746158599854
c4-4096,1,6,FOLD-mean/16,0.5210150480270386,1.0629469156265259
c4-4096,1,6,FOLD-mean/32,0.325666218996048,0.7197214365005493
c4-4096,1,7,EXACT,0.011286504566669464,0.20166447758674622
c4-4096,1,7,NOPE,1.9439219236373901,1.6220648288726807
c4-4096,1,7,OPT/8,0.023033101111650467,0.2714758813381195
c4-4096,1,7,OPT/16,0.014596729539334774,0.22005529701709747
c4-4096,1,7,OPT/32,0.011744452640414238,0.20408114790916443
c4-4096,1,7,PR-hi/8,1.939512014389038,1.6192985773086548
c4-4096,1,7,PR-hi/16,1.8544690608978271,1.5959118604660034
c4-4096,1,7,PR-hi/32,0.9598786234855652,1.219887137413025
c4-4096,1,7,PR-en/8,0.15225405991077423,0.5527130365371704
c4-4096,1,7,PR-en/16,0.07795193791389465,0.3843076825141907
c4-4096,1,7,PR-en/32,0.03382719308137894,0.2779921591281891
c4-4096,1,7,PR-2n/8,0.14306527376174927,0.5406966805458069
c4-4096,1,7,PR-2n/16,0.07463333010673523,0.3758561611175537
c4-4096,1,7,PR-2n/32,0.03150884807109833,0.2713456153869629
c4-4096,1,7,FOLD-mean/8,0.7590364217758179,1.2962180376052856
c4-4096,1,7,FOLD-mean/16,0.5601066946983337,1.0996509790420532
c4-4096,1,7,FOLD-mean/32,0.3318856954574585,0.7648114562034607
c4-4096,1,8,EXACT,0.013238167390227318,0.20595167577266693
c4-4096,1,8,NOPE,2.320981979370117,1.4192190170288086
c4-4096,1,8,OPT/8,0.02786053530871868,0.27560821175575256
c4-4096,1,8,OPT/16,0.017161834985017776,0.22152020037174225
c4-4096,1,8,OPT/32,0.013779549859464169,0.20787958800792694
c4-4096,1,8,PR-hi/8,2.309262275695801,1.4130001068115234
c4-4096,1,8,PR-hi/16,2.2174606323242188,1.3969459533691406
c4-4096,1,8,PR-hi/32,1.2011456489562988,1.1264673471450806
c4-4096,1,8,PR-en/8,0.18163728713989258,0.5493786931037903
c4-4096,1,8,PR-en/16,0.08203865587711334,0.3640953302383423
c4-4096,1,8,PR-en/32,0.03685915097594261,0.2732894718647003
c4-4096,1,8,PR-2n/8,0.18172547221183777,0.5495072603225708
c4-4096,1,8,PR-2n/16,0.0767783373594284,0.35387900471687317
c4-4096,1,8,PR-2n/32,0.036466822028160095,0.27285751700401306
c4-4096,1,8,FOLD-mean/8,1.0704712867736816,1.299562692642212
c4-4096,1,8,FOLD-mean/16,0.8835540413856506,1.1394721269607544
c4-4096,1,8,FOLD-mean/32,0.4004911184310913,0.7527451515197754
c4-4096,1,9,EXACT,0.01608768291771412,0.19184017181396484
c4-4096,1,9,NOPE,2.365234375,1.354095220565796
c4-4096,1,9,OPT/8,0.03213954716920853,0.27380990982055664
c4-4096,1,9,OPT/16,0.020636066794395447,0.2127896100282669
c4-4096,1,9,OPT/32,0.016777746379375458,0.19501177966594696
c4-4096,1,9,PR-hi/8,2.358983039855957,1.352188229560852
c4-4096,1,9,PR-hi/16,2.24344801902771,1.331734299659729
c4-4096,1,9,PR-hi/32,1.222968578338623,1.0740562677383423
c4-4096,1,9,PR-en/8,0.16755658388137817,0.4728754460811615
c4-4096,1,9,PR-en/16,0.07629700005054474,0.3204512894153595
c4-4096,1,9,PR-en/32,0.039031341671943665,0.2537107765674591
c4-4096,1,9,PR-2n/8,0.16359677910804749,0.466266393661499
c4-4096,1,9,PR-2n/16,0.07287441194057465,0.31515660881996155
c4-4096,1,9,PR-2n/32,0.03765963762998581,0.24783876538276672
c4-4096,1,9,FOLD-mean/8,1.0082958936691284,1.0303276777267456
c4-4096,1,9,FOLD-mean/16,0.7872446775436401,0.9602307677268982
c4-4096,1,9,FOLD-mean/32,0.38177913427352905,0.6257282495498657
c4-4096,1,10,EXACT,0.016412055119872093,0.1867629587650299
c4-4096,1,10,NOPE,2.300593376159668,1.1509662866592407
c4-4096,1,10,OPT/8,0.030449148267507553,0.23896661400794983
c4-4096,1,10,OPT/16,0.021219924092292786,0.20696333050727844
c4-4096,1,10,OPT/32,0.01719554513692856,0.18989750742912292
c4-4096,1,10,PR-hi/8,2.280467987060547,1.1478049755096436
c4-4096,1,10,PR-hi/16,2.1995301246643066,1.1401288509368896
c4-4096,1,10,PR-hi/32,1.3033369779586792,1.0037856101989746
c4-4096,1,10,PR-en/8,0.20112743973731995,0.4719373285770416
c4-4096,1,10,PR-en/16,0.0938715785741806,0.34325653314590454
c4-4096,1,10,PR-en/32,0.045869722962379456,0.26619136333465576
c4-4096,1,10,PR-2n/8,0.19626514613628387,0.47324633598327637
c4-4096,1,10,PR-2n/16,0.08787183463573456,0.33698853850364685
c4-4096,1,10,PR-2n/32,0.04540672153234482,0.26581794023513794
c4-4096,1,10,FOLD-mean/8,1.238757610321045,1.044033169746399
c4-4096,1,10,FOLD-mean/16,0.9274415373802185,0.9803034067153931
c4-4096,1,10,FOLD-mean/32,0.4086421728134155,0.642245888710022
c4-4096,1,11,EXACT,0.018202902749180794,0.24049901962280273
c4-4096,1,11,NOPE,1.6096932888031006,1.1786726713180542
c4-4096,1,11,OPT/8,0.030690297484397888,0.29673996567726135
c4-4096,1,11,OPT/16,0.02299600839614868,0.26522600650787354
c4-4096,1,11,OPT/32,0.018980901688337326,0.24426984786987305
c4-4096,1,11,PR-hi/8,1.604604721069336,1.1775901317596436
c4-4096,1,11,PR-hi/16,1.5575196743011475,1.163979411125183
c4-4096,1,11,PR-hi/32,1.0111770629882812,1.000506043434143
c4-4096,1,11,PR-en/8,0.173492431640625,0.5187025666236877
c4-4096,1,11,PR-en/16,0.10205639898777008,0.3953450918197632
c4-4096,1,11,PR-en/32,0.048461057245731354,0.29769039154052734
c4-4096,1,11,PR-2n/8,0.1667678952217102,0.5099579691886902
c4-4096,1,11,PR-2n/16,0.09822005033493042,0.39019471406936646
c4-4096,1,11,PR-2n/32,0.047079190611839294,0.2940731346607208
c4-4096,1,11,FOLD-mean/8,0.7221750020980835,0.9217028021812439
c4-4096,1,11,FOLD-mean/16,0.5738381743431091,0.8176527619361877
c4-4096,1,11,FOLD-mean/32,0.35419052839279175,0.6246274709701538
c4-4096,1,12,EXACT,0.016616342589259148,0.19931526482105255
c4-4096,1,12,NOPE,1.937204360961914,1.2826623916625977
c4-4096,1,12,OPT/8,0.029567699879407883,0.251716673374176
c4-4096,1,12,OPT/16,0.020932454615831375,0.21642205119132996
c4-4096,1,12,OPT/32,0.01732703112065792,0.20223166048526764
c4-4096,1,12,PR-hi/8,1.9252738952636719,1.2745198011398315
c4-4096,1,12,PR-hi/16,1.8665878772735596,1.2594808340072632
c4-4096,1,12,PR-hi/32,1.1497716903686523,1.0826154947280884
c4-4096,1,12,PR-en/8,0.16479647159576416,0.476960688829422
c4-4096,1,12,PR-en/16,0.10554234683513641,0.3870928883552551
c4-4096,1,12,PR-en/32,0.04887733608484268,0.282085657119751
c4-4096,1,12,PR-2n/8,0.16211673617362976,0.47579625248908997
c4-4096,1,12,PR-2n/16,0.10149309039115906,0.38213488459587097
c4-4096,1,12,PR-2n/32,0.049266695976257324,0.2825409770011902
c4-4096,1,12,FOLD-mean/8,0.8136605024337769,0.9758966565132141
c4-4096,1,12,FOLD-mean/16,0.6729217767715454,0.9122952818870544
c4-4096,1,12,FOLD-mean/32,0.43236449360847473,0.6836816668510437
c4-4096,1,13,EXACT,0.015251447446644306,0.17225109040737152
c4-4096,1,13,NOPE,2.0042405128479004,1.3400630950927734
c4-4096,1,13,OPT/8,0.027350878342986107,0.21923868358135223
c4-4096,1,13,OPT/16,0.019152160733938217,0.18412968516349792
c4-4096,1,13,OPT/32,0.01585991308093071,0.17371542751789093
c4-4096,1,13,PR-hi/8,1.9918580055236816,1.3369771242141724
c4-4096,1,13,PR-hi/16,1.9149339199066162,1.320075511932373
c4-4096,1,13,PR-hi/32,1.1503642797470093,1.0682092905044556
c4-4096,1,13,PR-en/8,0.16842776536941528,0.5158233046531677
c4-4096,1,13,PR-en/16,0.08394654095172882,0.318949431180954
c4-4096,1,13,PR-en/32,0.04317726939916611,0.24037502706050873
c4-4096,1,13,PR-2n/8,0.16533926129341125,0.5121198296546936
c4-4096,1,13,PR-2n/16,0.08036462962627411,0.31408563256263733
c4-4096,1,13,PR-2n/32,0.04261632263660431,0.23905156552791595
c4-4096,1,13,FOLD-mean/8,0.9873865842819214,1.0853945016860962
c4-4096,1,13,FOLD-mean/16,0.7308555841445923,0.9238983988761902
c4-4096,1,13,FOLD-mean/32,0.41028934717178345,0.6482400894165039
c4-4096,1,14,EXACT,0.0178958922624588,0.19895538687705994
c4-4096,1,14,NOPE,1.6026571989059448,1.1085811853408813
c4-4096,1,14,OPT/8,0.03055545687675476,0.24427834153175354
c4-4096,1,14,OPT/16,0.022457942366600037,0.21191208064556122
c4-4096,1,14,OPT/32,0.01874639466404915,0.2012270987033844
c4-4096,1,14,PR-hi/8,1.5868167877197266,1.1016604900360107
c4-4096,1,14,PR-hi/16,1.5340263843536377,1.089311957359314
c4-4096,1,14,PR-hi/32,0.9451791048049927,0.8613529801368713
c4-4096,1,14,PR-en/8,0.17336353659629822,0.43900659680366516
c4-4096,1,14,PR-en/16,0.10620308667421341,0.34326329827308655
c4-4096,1,14,PR-en/32,0.054209209978580475,0.2656746804714203
c4-4096,1,14,PR-2n/8,0.1666184514760971,0.4323907792568207
c4-4096,1,14,PR-2n/16,0.10062257945537567,0.33591794967651367
c4-4096,1,14,PR-2n/32,0.052714068442583084,0.26161861419677734
c4-4096,1,14,FOLD-mean/8,0.7180516719818115,0.8678838014602661
c4-4096,1,14,FOLD-mean/16,0.6266250610351562,0.7997074127197266
c4-4096,1,14,FOLD-mean/32,0.41062405705451965,0.6148023009300232
c4-4096,1,15,EXACT,0.02332131564617157,0.23093357682228088
c4-4096,1,15,NOPE,2.129598617553711,1.192008376121521
c4-4096,1,15,OPT/8,0.03524256870150566,0.27119722962379456
c4-4096,1,15,OPT/16,0.026975395157933235,0.23885047435760498
c4-4096,1,15,OPT/32,0.023912804201245308,0.23221106827259064
c4-4096,1,15,PR-hi/8,2.107996940612793,1.1853625774383545
c4-4096,1,15,PR-hi/16,2.0079848766326904,1.1677072048187256
c4-4096,1,15,PR-hi/32,1.156358003616333,0.9545581936836243
c4-4096,1,15,PR-en/8,0.17196451127529144,0.45640528202056885
c4-4096,1,15,PR-en/16,0.08676418662071228,0.33983346819877625
c4-4096,1,15,PR-en/32,0.04906858131289482,0.27951154112815857
c4-4096,1,15,PR-2n/8,0.16781890392303467,0.45220381021499634
c4-4096,1,15,PR-2n/16,0.08149612694978714,0.3294508755207062
c4-4096,1,15,PR-2n/32,0.04782484471797943,0.27523273229599
c4-4096,1,15,FOLD-mean/8,0.93940669298172,0.9769676327705383
c4-4096,1,15,FOLD-mean/16,0.8454572558403015,0.9498607516288757
c4-4096,1,15,FOLD-mean/32,0.49726784229278564,0.6919623613357544
c4-4096,1,16,EXACT,0.017628319561481476,0.17263780534267426
c4-4096,1,16,NOPE,1.9414799213409424,1.120026707649231
c4-4096,1,16,OPT/8,0.02835884317755699,0.20677778124809265
c4-4096,1,16,OPT/16,0.020598914474248886,0.17844510078430176
c4-4096,1,16,OPT/32,0.018143154680728912,0.17378146946430206
c4-4096,1,16,PR-hi/8,1.9161924123764038,1.1169040203094482
c4-4096,1,16,PR-hi/16,1.838248610496521,1.1032264232635498
c4-4096,1,16,PR-hi/32,1.0935962200164795,0.9119979739189148
c4-4096,1,16,PR-en/8,0.1460932195186615,0.3836545944213867
c4-4096,1,16,PR-en/16,0.08135358989238739,0.2872985303401947
c4-4096,1,16,PR-en/32,0.043792951852083206,0.22898343205451965
c4-4096,1,16,PR-2n/8,0.1403449922800064,0.377824991941452
c4-4096,1,16,PR-2n/16,0.07687535136938095,0.2800961136817932
c4-4096,1,16,PR-2n/32,0.04339732974767685,0.22778089344501495
c4-4096,1,16,FOLD-mean/8,0.9033529758453369,0.9351986646652222
c4-4096,1,16,FOLD-mean/16,0.8050390481948853,0.8890836834907532
c4-4096,1,16,FOLD-mean/32,0.4406363368034363,0.6188626885414124
c4-4096,1,17,EXACT,0.015926403924822807,0.19965480268001556
c4-4096,1,17,NOPE,1.7529188394546509,1.6820236444473267
c4-4096,1,17,OPT/8,0.030309855937957764,0.2907251715660095
c4-4096,1,17,OPT/16,0.01991426758468151,0.22352728247642517
c4-4096,1,17,OPT/32,0.016521483659744263,0.20247453451156616
c4-4096,1,17,PR-hi/8,1.7246614694595337,1.6652928590774536
c4-4096,1,17,PR-hi/16,1.6425541639328003,1.6107043027877808
c4-4096,1,17,PR-hi/32,0.9676772356033325,1.0867093801498413
c4-4096,1,17,PR-en/8,0.1377578228712082,0.49103567004203796
c4-4096,1,17,PR-en/16,0.06992381066083908,0.3074381649494171
c4-4096,1,17,PR-en/32,0.03727390989661217,0.24453522264957428
c4-4096,1,17,PR-2n/8,0.12948556244373322,0.4812849760055542
c4-4096,1,17,PR-2n/16,0.06812722980976105,0.3041452169418335
c4-4096,1,17,PR-2n/32,0.03713839128613472,0.24422983825206757
c4-4096,1,17,FOLD-mean/8,0.8457125425338745,1.288076400756836
c4-4096,1,17,FOLD-mean/16,0.6429686546325684,1.070031762123108
c4-4096,1,17,FOLD-mean/32,0.3826979398727417,0.8031975626945496
c4-4096,1,18,EXACT,0.016917113214731216,0.22262784838676453
c4-4096,1,18,NOPE,2.0542643070220947,1.968682885169983
c4-4096,1,18,OPT/8,0.030105944722890854,0.30896782875061035
c4-4096,1,18,OPT/16,0.019962865859270096,0.24045813083648682
c4-4096,1,18,OPT/32,0.017340902239084244,0.22503562271595
c4-4096,1,18,PR-hi/8,2.02864146232605,1.960974931716919
c4-4096,1,18,PR-hi/16,1.8937146663665771,1.9097645282745361
c4-4096,1,18,PR-hi/32,0.9012489318847656,1.3402976989746094
c4-4096,1,18,PR-en/8,0.13275286555290222,0.4922836422920227
c4-4096,1,18,PR-en/16,0.0638052225112915,0.33003896474838257
c4-4096,1,18,PR-en/32,0.03447173908352852,0.2718629837036133
c4-4096,1,18,PR-2n/8,0.12719915807247162,0.48068803548812866
c4-4096,1,18,PR-2n/16,0.05970245972275734,0.32150375843048096
c4-4096,1,18,PR-2n/32,0.03400900214910507,0.2712467610836029
c4-4096,1,18,FOLD-mean/8,0.8990342020988464,1.3894809484481812
c4-4096,1,18,FOLD-mean/16,0.7855231761932373,1.3148221969604492
c4-4096,1,18,FOLD-mean/32,0.44828861951828003,1.0002501010894775
c4-4096,1,19,EXACT,0.015033585019409657,0.22136934101581573
c4-4096,1,19,NOPE,1.6741256713867188,1.6883403062820435
c4-4096,1,19,OPT/8,0.026945563033223152,0.29517948627471924
c4-4096,1,19,OPT/16,0.018146878108382225,0.23769673705101013
c4-4096,1,19,OPT/32,0.01546001061797142,0.2232334166765213
c4-4096,1,19,PR-hi/8,1.6549406051635742,1.6742382049560547
c4-4096,1,19,PR-hi/16,1.570764422416687,1.642182469367981
c4-4096,1,19,PR-hi/32,0.8907144665718079,1.254660725593567
c4-4096,1,19,PR-en/8,0.1263643205165863,0.5348981618881226
c4-4096,1,19,PR-en/16,0.06325439363718033,0.3639864921569824
c4-4096,1,19,PR-en/32,0.034356921911239624,0.28917014598846436
c4-4096,1,19,PR-2n/8,0.12341251969337463,0.5273173451423645
c4-4096,1,19,PR-2n/16,0.05965609848499298,0.35614702105522156
c4-4096,1,19,PR-2n/32,0.033759795129299164,0.2875504195690155
c4-4096,1,19,FOLD-mean/8,0.7013645768165588,1.0810627937316895
c4-4096,1,19,FOLD-mean/16,0.5482676029205322,1.0047122240066528
c4-4096,1,19,FOLD-mean/32,0.3700066804885864,0.8073605298995972
c4-4096,1,20,EXACT,0.015851514413952827,0.17111031711101532
c4-4096,1,20,NOPE,1.729604959487915,1.3173801898956299
c4-4096,1,20,OPT/8,0.030866296961903572,0.25773876905441284
c4-4096,1,20,OPT/16,0.01976962573826313,0.19015397131443024
c4-4096,1,20,OPT/32,0.01636514812707901,0.17277655005455017
c4-4096,1,20,PR-hi/8,1.707390546798706,1.3142207860946655
c4-4096,1,20,PR-hi/16,1.6133615970611572,1.2924646139144897
c4-4096,1,20,PR-hi/32,0.9198757410049438,1.022349238395691
c4-4096,1,20,PR-en/8,0.14311136305332184,0.41378548741340637
c4-4096,1,20,PR-en/16,0.07062652707099915,0.2869424819946289
c4-4096,1,20,PR-en/32,0.03797537833452225,0.22274672985076904
c4-4096,1,20,PR-2n/8,0.140406996011734,0.41005373001098633
c4-4096,1,20,PR-2n/16,0.06835170090198517,0.2814277112483978
c4-4096,1,20,PR-2n/32,0.03718819469213486,0.22082869708538055
c4-4096,1,20,FOLD-mean/8,0.8017622232437134,0.9746756553649902
c4-4096,1,20,FOLD-mean/16,0.5985491275787354,0.8481968641281128
c4-4096,1,20,FOLD-mean/32,0.4120466113090515,0.6914487481117249
c4-4096,1,21,EXACT,0.01388577464967966,0.2163337618112564
c4-4096,1,21,NOPE,1.3626911640167236,1.556847095489502
c4-4096,1,21,OPT/8,0.026984959840774536,0.3393365144729614
c4-4096,1,21,OPT/16,0.017205648124217987,0.24855965375900269
c4-4096,1,21,OPT/32,0.014267615042626858,0.21901310980319977
c4-4096,1,21,PR-hi/8,1.3474702835083008,1.5447803735733032
c4-4096,1,21,PR-hi/16,1.283851981163025,1.5198081731796265
c4-4096,1,21,PR-hi/32,0.721503496170044,1.0449552536010742
c4-4096,1,21,PR-en/8,0.11209265142679214,0.4742332398891449
c4-4096,1,21,PR-en/16,0.05938684195280075,0.3384666442871094
c4-4096,1,21,PR-en/32,0.0307661984115839,0.2656306028366089
c4-4096,1,21,PR-2n/8,0.10808289051055908,0.46172142028808594
c4-4096,1,21,PR-2n/16,0.058728188276290894,0.3356354236602783
c4-4096,1,21,PR-2n/32,0.030245233327150345,0.264258474111557
c4-4096,1,21,FOLD-mean/8,0.5080663561820984,0.9481405019760132
c4-4096,1,21,FOLD-mean/16,0.4104762375354767,0.8471696376800537
c4-4096,1,21,FOLD-mean/32,0.2923612594604492,0.6985929012298584
c4-4096,1,22,EXACT,0.01980624347925186,0.24499082565307617
c4-4096,1,22,NOPE,1.8037632703781128,1.9249004125595093
c4-4096,1,22,OPT/8,0.03691832721233368,0.3535497486591339
c4-4096,1,22,OPT/16,0.02345978654921055,0.2670600116252899
c4-4096,1,22,OPT/32,0.020238198339939117,0.24716322124004364
c4-4096,1,22,PR-hi/8,1.7606672048568726,1.8858708143234253
c4-4096,1,22,PR-hi/16,1.6450631618499756,1.837067723274231
c4-4096,1,22,PR-hi/32,0.83735591173172,1.2672441005706787
c4-4096,1,22,PR-en/8,0.13341408967971802,0.5369760394096375
c4-4096,1,22,PR-en/16,0.06981766223907471,0.3510330021381378
c4-4096,1,22,PR-en/32,0.03811529278755188,0.27139952778816223
c4-4096,1,22,PR-2n/8,0.12683939933776855,0.49075934290885925
c4-4096,1,22,PR-2n/16,0.06595651805400848,0.33713778853416443
c4-4096,1,22,PR-2n/32,0.03747137635946274,0.26922550797462463
c4-4096,1,22,FOLD-mean/8,0.9221853017807007,1.6093060970306396
c4-4096,1,22,FOLD-mean/16,0.7363031506538391,1.171006441116333
c4-4096,1,22,FOLD-mean/32,0.37669771909713745,0.7749699950218201
c4-4096,1,23,EXACT,0.018572691828012466,0.27248919010162354
c4-4096,1,23,NOPE,1.513596773147583,1.5616402626037598
c4-4096,1,23,OPT/8,0.03470746800303459,0.40656113624572754
c4-4096,1,23,OPT/16,0.023125628009438515,0.3150658905506134
c4-4096,1,23,OPT/32,0.019105277955532074,0.2769566774368286
c4-4096,1,23,PR-hi/8,1.4932090044021606,1.546074628829956
c4-4096,1,23,PR-hi/16,1.4126811027526855,1.5107570886611938
c4-4096,1,23,PR-hi/32,0.6622692942619324,1.025537371635437
c4-4096,1,23,PR-en/8,0.10301406681537628,0.44665810465812683
c4-4096,1,23,PR-en/16,0.054004814475774765,0.34100136160850525
c4-4096,1,23,PR-en/32,0.03120632842183113,0.29585036635398865
c4-4096,1,23,PR-2n/8,0.10020393133163452,0.44071972370147705
c4-4096,1,23,PR-2n/16,0.05239404737949371,0.33797135949134827
c4-4096,1,23,PR-2n/32,0.03075627237558365,0.29493504762649536
c4-4096,1,23,FOLD-mean/8,0.3853478729724884,0.8239683508872986
c4-4096,1,23,FOLD-mean/16,0.3788222074508667,0.823609471321106
c4-4096,1,23,FOLD-mean/32,0.2733757197856903,0.6799938082695007
c4-4096,1,24,EXACT,0.018766742199659348,0.19232073426246643
c4-4096,1,24,NOPE,1.5632444620132446,1.236370325088501
c4-4096,1,24,OPT/8,0.03340819850564003,0.26999205350875854
c4-4096,1,24,OPT/16,0.022554954513907433,0.21206669509410858
c4-4096,1,24,OPT/32,0.01926310919225216,0.19399501383304596
c4-4096,1,24,PR-hi/8,1.5434651374816895,1.2306740283966064
c4-4096,1,24,PR-hi/16,1.4803428649902344,1.2104014158248901
c4-4096,1,24,PR-hi/32,0.8252530694007874,0.9273277521133423
c4-4096,1,24,PR-en/8,0.13506919145584106,0.39694494009017944
c4-4096,1,24,PR-en/16,0.07407639175653458,0.2994585335254669
c4-4096,1,24,PR-en/32,0.03848528116941452,0.2369629591703415
c4-4096,1,24,PR-2n/8,0.12461930513381958,0.3769773542881012
c4-4096,1,24,PR-2n/16,0.06906566023826599,0.29093432426452637
c4-4096,1,24,PR-2n/32,0.037188611924648285,0.23423179984092712
c4-4096,1,24,FOLD-mean/8,0.4276244640350342,0.683209240436554
c4-4096,1,24,FOLD-mean/16,0.3766847848892212,0.6401475071907043
c4-4096,1,24,FOLD-mean/32,0.3141322135925293,0.5966218113899231
c4-4096,1,25,EXACT,0.0233217291533947,0.2756367027759552
c4-4096,1,25,NOPE,1.378067135810852,1.9527630805969238
c4-4096,1,25,OPT/8,0.0402904748916626,0.42054492235183716
c4-4096,1,25,OPT/16,0.028051093220710754,0.31366172432899475
c4-4096,1,25,OPT/32,0.023781761527061462,0.2780188322067261
c4-4096,1,25,PR-hi/8,1.356130838394165,1.9280956983566284
c4-4096,1,25,PR-hi/16,1.3125648498535156,1.8909550905227661
c4-4096,1,25,PR-hi/32,0.7206149101257324,1.3634047508239746
c4-4096,1,25,PR-en/8,0.11279959976673126,0.5837726593017578
c4-4096,1,25,PR-en/16,0.06745194643735886,0.4222432076931
c4-4096,1,25,PR-en/32,0.0416174978017807,0.34106019139289856
c4-4096,1,25,PR-2n/8,0.10833749175071716,0.5720825791358948
c4-4096,1,25,PR-2n/16,0.06500265002250671,0.41604238748550415
c4-4096,1,25,PR-2n/32,0.04110633209347725,0.3389310836791992
c4-4096,1,25,FOLD-mean/8,0.4482523202896118,1.0545103549957275
c4-4096,1,25,FOLD-mean/16,0.3721644878387451,0.8795111179351807
c4-4096,1,25,FOLD-mean/32,0.3061787486076355,0.7549164295196533
c4-4096,1,26,EXACT,0.026348769664764404,0.2345017045736313
c4-4096,1,26,NOPE,1.7753033638000488,1.148970127105713
c4-4096,1,26,OPT/8,0.042084723711013794,0.2977863550186157
c4-4096,1,26,OPT/16,0.030601270496845245,0.25099173188209534
c4-4096,1,26,OPT/32,0.026835691183805466,0.2353118658065796
c4-4096,1,26,PR-hi/8,1.7466524839401245,1.1436208486557007
c4-4096,1,26,PR-hi/16,1.6486945152282715,1.1196473836898804
c4-4096,1,26,PR-hi/32,0.8611956834793091,0.8375809192657471
c4-4096,1,26,PR-en/8,0.1624588966369629,0.44098836183547974
c4-4096,1,26,PR-en/16,0.08131539821624756,0.3260638415813446
c4-4096,1,26,PR-en/32,0.04968605935573578,0.2780412435531616
c4-4096,1,26,PR-2n/8,0.15312473475933075,0.42892134189605713
c4-4096,1,26,PR-2n/16,0.07500104606151581,0.3162376284599304
c4-4096,1,26,PR-2n/32,0.04836365580558777,0.27633026242256165
c4-4096,1,26,FOLD-mean/8,0.7134373188018799,0.8705331683158875
c4-4096,1,26,FOLD-mean/16,0.4906832277774811,0.7191601395606995
c4-4096,1,26,FOLD-mean/32,0.372805118560791,0.6001551151275635
c4-4096,1,27,EXACT,0.023241255432367325,0.2809988558292389
c4-4096,1,27,NOPE,1.8228182792663574,1.6788939237594604
c4-4096,1,27,OPT/8,0.041281260550022125,0.39269253611564636
c4-4096,1,27,OPT/16,0.02826426923274994,0.31254205107688904
c4-4096,1,27,OPT/32,0.023879773914813995,0.2831820547580719
c4-4096,1,27,PR-hi/8,1.79878568649292,1.6704522371292114
c4-4096,1,27,PR-hi/16,1.7100625038146973,1.6445852518081665
c4-4096,1,27,PR-hi/32,0.8348854780197144,1.2026180028915405
c4-4096,1,27,PR-en/8,0.10110068321228027,0.47911909222602844
c4-4096,1,27,PR-en/16,0.05363421142101288,0.3541329503059387
c4-4096,1,27,PR-en/32,0.03771442919969559,0.3079892694950104
c4-4096,1,27,PR-2n/8,0.097976453602314,0.47676557302474976
c4-4096,1,27,PR-2n/16,0.052832987159490585,0.35236167907714844
c4-4096,1,27,PR-2n/32,0.03715246915817261,0.3062399923801422
c4-4096,1,27,FOLD-mean/8,0.6520864963531494,1.1094660758972168
c4-4096,1,27,FOLD-mean/16,0.5472174882888794,0.9972153306007385
c4-4096,1,27,FOLD-mean/32,0.36527320742607117,0.8163701295852661
c4-4096,1,28,EXACT,0.02819710224866867,0.24945588409900665
c4-4096,1,28,NOPE,1.7338054180145264,1.5278154611587524
c4-4096,1,28,OPT/8,0.047179438173770905,0.370070219039917
c4-4096,1,28,OPT/16,0.032969340682029724,0.2744736075401306
c4-4096,1,28,OPT/32,0.028781039640307426,0.2513786554336548
c4-4096,1,28,PR-hi/8,1.7160050868988037,1.519744873046875
c4-4096,1,28,PR-hi/16,1.616504192352295,1.481750249862671
c4-4096,1,28,PR-hi/32,0.8465721607208252,0.9681264758110046
c4-4096,1,28,PR-en/8,0.12708786129951477,0.44263947010040283
c4-4096,1,28,PR-en/16,0.07546871155500412,0.3440582752227783
c4-4096,1,28,PR-en/32,0.05045991763472557,0.2904803454875946
c4-4096,1,28,PR-2n/8,0.1258850395679474,0.4404629170894623
c4-4096,1,28,PR-2n/16,0.072782963514328,0.3370693325996399
c4-4096,1,28,PR-2n/32,0.050103817135095596,0.2896987795829773
c4-4096,1,28,FOLD-mean/8,0.6212483644485474,0.8369244337081909
c4-4096,1,28,FOLD-mean/16,0.4708676338195801,0.806174635887146
c4-4096,1,28,FOLD-mean/32,0.3740949332714081,0.6741998195648193
c4-4096,1,29,EXACT,0.022690843790769577,0.18707965314388275
c4-4096,1,29,NOPE,1.6659691333770752,1.139984130859375
c4-4096,1,29,OPT/8,0.03774290531873703,0.25666025280952454
c4-4096,1,29,OPT/16,0.027751615270972252,0.21125338971614838
c4-4096,1,29,OPT/32,0.023386403918266296,0.18968115746974945
c4-4096,1,29,PR-hi/8,1.6463313102722168,1.1305419206619263
c4-4096,1,29,PR-hi/16,1.5817561149597168,1.1111615896224976
c4-4096,1,29,PR-hi/32,0.9221917986869812,0.8297472596168518
c4-4096,1,29,PR-en/8,0.14586195349693298,0.3861878514289856
c4-4096,1,29,PR-en/16,0.0870661586523056,0.2978246808052063
c4-4096,1,29,PR-en/32,0.05062750726938248,0.2461593747138977
c4-4096,1,29,PR-2n/8,0.14321400225162506,0.3816092014312744
c4-4096,1,29,PR-2n/16,0.0852234959602356,0.29571032524108887
c4-4096,1,29,PR-2n/32,0.04957769811153412,0.24343377351760864
c4-4096,1,29,FOLD-mean/8,0.5969445705413818,0.7250545620918274
c4-4096,1,29,FOLD-mean/16,0.5842950344085693,0.7202674746513367
c4-4096,1,29,FOLD-mean/32,0.3942444920539856,0.5799527764320374
c4-4096,1,30,EXACT,0.02002469077706337,0.2162880003452301
c4-4096,1,30,NOPE,1.6927107572555542,1.8257719278335571
c4-4096,1,30,OPT/8,0.03860701993107796,0.3513774275779724
c4-4096,1,30,OPT/16,0.02547527477145195,0.2501692473888397
c4-4096,1,30,OPT/32,0.02081734500825405,0.21890120208263397
c4-4096,1,30,PR-hi/8,1.6614643335342407,1.7814552783966064
c4-4096,1,30,PR-hi/16,1.5678843259811401,1.7288168668746948
c4-4096,1,30,PR-hi/32,0.8543522357940674,1.2501931190490723
c4-4096,1,30,PR-en/8,0.09996534138917923,0.4476531147956848
c4-4096,1,30,PR-en/16,0.0583060197532177,0.29939743876457214
c4-4096,1,30,PR-en/32,0.038601525127887726,0.2536788582801819
c4-4096,1,30,PR-2n/8,0.09576652944087982,0.42801395058631897
c4-4096,1,30,PR-2n/16,0.055291857570409775,0.29434534907341003
c4-4096,1,30,PR-2n/32,0.038315948098897934,0.25171521306037903
c4-4096,1,30,FOLD-mean/8,0.45214661955833435,0.8650310039520264
c4-4096,1,30,FOLD-mean/16,0.45054829120635986,0.8631031513214111
c4-4096,1,30,FOLD-mean/32,0.3633652925491333,0.7041571736335754
c4-4096,1,31,EXACT,0.03679501265287399,0.17250901460647583
c4-4096,1,31,NOPE,1.845183253288269,0.7581523060798645
c4-4096,1,31,OPT/8,0.05738018825650215,0.21948570013046265
c4-4096,1,31,OPT/16,0.0436650812625885,0.18595440685749054
c4-4096,1,31,OPT/32,0.03796377405524254,0.17343828082084656
c4-4096,1,31,PR-hi/8,1.8187886476516724,0.7565222978591919
c4-4096,1,31,PR-hi/16,1.7391715049743652,0.7483713030815125
c4-4096,1,31,PR-hi/32,1.1568262577056885,0.6470096111297607
c4-4096,1,31,PR-en/8,0.33538714051246643,0.39138221740722656
c4-4096,1,31,PR-en/16,0.17745563387870789,0.27716583013534546
c4-4096,1,31,PR-en/32,0.08803220093250275,0.2165968120098114
c4-4096,1,31,PR-2n/8,0.3237498104572296,0.38351500034332275
c4-4096,1,31,PR-2n/16,0.1675233542919159,0.27403393387794495
c4-4096,1,31,PR-2n/32,0.08573442697525024,0.21594969928264618
c4-4096,1,31,FOLD-mean/8,1.3675906658172607,0.7271890044212341
c4-4096,1,31,FOLD-mean/16,1.0035631656646729,0.6017047762870789
c4-4096,1,31,FOLD-mean/32,0.5947946310043335,0.4641815721988678
gsm8k,2,0,EXACT,5.272450920301708e-08,0.00029960437677800655
gsm8k,2,0,NOPE,0.6001005172729492,0.8490158319473267
gsm8k,2,0,OPT/8,0.023054875433444977,0.07209382951259613
gsm8k,2,0,OPT/16,0.008957750163972378,0.04256400093436241
gsm8k,2,0,OPT/32,0.0007403728668577969,0.010990656912326813
gsm8k,2,0,PR-hi/8,0.5084006190299988,0.7105681300163269
gsm8k,2,0,PR-hi/16,0.43883833289146423,0.5933055877685547
gsm8k,2,0,PR-hi/32,0.2179155796766281,0.25462278723716736
gsm8k,2,0,PR-en/8,0.3505249321460724,0.7049304842948914
gsm8k,2,0,PR-en/16,0.1987476348876953,0.5716851353645325
gsm8k,2,0,PR-en/32,0.0582343265414238,0.32745492458343506
gsm8k,2,0,PR-2n/8,0.3560890555381775,0.7116255760192871
gsm8k,2,0,PR-2n/16,0.2063036859035492,0.5701061487197876
gsm8k,2,0,PR-2n/32,0.058818113058805466,0.3709721863269806
gsm8k,2,0,FOLD-mean/8,0.32314956188201904,0.7998354434967041
gsm8k,2,0,FOLD-mean/16,0.1625789850950241,0.37662529945373535
gsm8k,2,0,FOLD-mean/32,0.06433204561471939,0.18183591961860657
gsm8k,2,1,EXACT,2.1489155187737197e-05,0.006041377782821655
gsm8k,2,1,NOPE,1.2247288227081299,2.968160629272461
gsm8k,2,1,OPT/8,0.034346941858530045,0.14510446786880493
gsm8k,2,1,OPT/16,0.014895840547978878,0.0959402546286583
gsm8k,2,1,OPT/32,0.0011704735225066543,0.023483924567699432
gsm8k,2,1,PR-hi/8,1.1726553440093994,2.8970842361450195
gsm8k,2,1,PR-hi/16,1.019750714302063,2.772376775741577
gsm8k,2,1,PR-hi/32,0.37693163752555847,0.6444467902183533
gsm8k,2,1,PR-en/8,0.7570930123329163,2.5713953971862793
gsm8k,2,1,PR-en/16,0.3735542595386505,1.7088630199432373
gsm8k,2,1,PR-en/32,0.06265047192573547,0.43453729152679443
gsm8k,2,1,PR-2n/8,0.7588663101196289,2.5729005336761475
gsm8k,2,1,PR-2n/16,0.38056832551956177,1.8465657234191895
gsm8k,2,1,PR-2n/32,0.060759637504816055,0.43056339025497437
gsm8k,2,1,FOLD-mean/8,0.7965475916862488,1.1146814823150635
gsm8k,2,1,FOLD-mean/16,0.3509744703769684,0.4858916997909546
gsm8k,2,1,FOLD-mean/32,0.14630918204784393,0.2427741140127182
gsm8k,2,2,EXACT,0.0013124651741236448,0.09229515492916107
gsm8k,2,2,NOPE,2.487792491912842,3.892932176589966
gsm8k,2,2,OPT/8,0.018199484795331955,0.337232768535614
gsm8k,2,2,OPT/16,0.004015659913420677,0.16763877868652344
gsm8k,2,2,OPT/32,0.0015358306700363755,0.0952540785074234
gsm8k,2,2,PR-hi/8,2.4155588150024414,3.8447396755218506
gsm8k,2,2,PR-hi/16,2.0416600704193115,3.7045397758483887
gsm8k,2,2,PR-hi/32,0.5477197170257568,1.8064647912979126
gsm8k,2,2,PR-en/8,0.5923435688018799,2.565547227859497
gsm8k,2,2,PR-en/16,0.07390153408050537,0.6176511645317078
gsm8k,2,2,PR-en/32,0.012036265805363655,0.2814192473888397
gsm8k,2,2,PR-2n/8,0.5926702618598938,2.566493272781372
gsm8k,2,2,PR-2n/16,0.07226572930812836,0.6342045664787292
gsm8k,2,2,PR-2n/32,0.011583133600652218,0.24885928630828857
gsm8k,2,2,FOLD-mean/8,1.6273962259292603,2.6014041900634766
gsm8k,2,2,FOLD-mean/16,0.7735601663589478,1.8502082824707031
gsm8k,2,2,FOLD-mean/32,0.2573084533214569,0.8300446271896362
gsm8k,2,3,EXACT,0.0037274055648595095,0.12927207350730896
gsm8k,2,3,NOPE,1.9424412250518799,2.4427292346954346
gsm8k,2,3,OPT/8,0.02345160022377968,0.3165382444858551
gsm8k,2,3,OPT/16,0.00703842518851161,0.15946263074874878
gsm8k,2,3,OPT/32,0.004152514040470123,0.13865821063518524
gsm8k,2,3,PR-hi/8,1.9151629209518433,2.4457972049713135
gsm8k,2,3,PR-hi/16,1.6747663021087646,2.2398386001586914
gsm8k,2,3,PR-hi/32,0.5289139747619629,1.2629112005233765
gsm8k,2,3,PR-en/8,0.22577546536922455,1.0154168605804443
gsm8k,2,3,PR-en/16,0.07033737748861313,0.4374645948410034
gsm8k,2,3,PR-en/32,0.027119021862745285,0.2889869809150696
gsm8k,2,3,PR-2n/8,0.22218072414398193,1.010274887084961
gsm8k,2,3,PR-2n/16,0.06330397725105286,0.4179421365261078
gsm8k,2,3,PR-2n/32,0.02413584291934967,0.2726688086986542
gsm8k,2,3,FOLD-mean/8,1.0679371356964111,1.5683237314224243
gsm8k,2,3,FOLD-mean/16,0.5953320860862732,1.1767154932022095
gsm8k,2,3,FOLD-mean/32,0.27378737926483154,0.7115393877029419
gsm8k,2,4,EXACT,0.00476740812882781,0.155915766954422
gsm8k,2,4,NOPE,2.217770576477051,3.085489273071289
gsm8k,2,4,OPT/8,0.017749372869729996,0.3191587030887604
gsm8k,2,4,OPT/16,0.006747855804860592,0.17121779918670654
gsm8k,2,4,OPT/32,0.004999677184969187,0.15695156157016754
gsm8k,2,4,PR-hi/8,2.1918275356292725,3.0784225463867188
gsm8k,2,4,PR-hi/16,1.9927507638931274,2.9733622074127197
gsm8k,2,4,PR-hi/32,0.6714363694190979,1.6923681497573853
gsm8k,2,4,PR-en/8,0.2571790814399719,1.169265627861023
gsm8k,2,4,PR-en/16,0.045620404183864594,0.3272010087966919
gsm8k,2,4,PR-en/32,0.018515044823288918,0.22552955150604248
gsm8k,2,4,PR-2n/8,0.25367558002471924,1.1652190685272217
gsm8k,2,4,PR-2n/16,0.04318556934595108,0.3200499415397644
gsm8k,2,4,PR-2n/32,0.017753591760993004,0.22200877964496613
gsm8k,2,4,FOLD-mean/8,0.994289219379425,2.0009706020355225
gsm8k,2,4,FOLD-mean/16,0.5730952024459839,1.4127250909805298
gsm8k,2,4,FOLD-mean/32,0.2637438476085663,0.8303481340408325
gsm8k,2,5,EXACT,0.006697001866996288,0.16240662336349487
gsm8k,2,5,NOPE,1.956177830696106,1.8663336038589478
gsm8k,2,5,OPT/8,0.021603818982839584,0.2702089250087738
gsm8k,2,5,OPT/16,0.009433222003281116,0.18365885317325592
gsm8k,2,5,OPT/32,0.007015836890786886,0.16422568261623383
gsm8k,2,5,PR-hi/8,1.9202696084976196,1.8460973501205444
gsm8k,2,5,PR-hi/16,1.7538542747497559,1.7926416397094727
gsm8k,2,5,PR-hi/32,0.6335685849189758,1.209330677986145
gsm8k,2,5,PR-en/8,0.21800996363162994,0.7036923170089722
gsm8k,2,5,PR-en/16,0.05616355687379837,0.3564392626285553
gsm8k,2,5,PR-en/32,0.021201197057962418,0.2258634865283966
gsm8k,2,5,PR-2n/8,0.2157745510339737,0.6990664005279541
gsm8k,2,5,PR-2n/16,0.051852237433195114,0.34575900435447693
gsm8k,2,5,PR-2n/32,0.020342279225587845,0.22151069343090057
gsm8k,2,5,FOLD-mean/8,0.9165369868278503,1.3573484420776367
gsm8k,2,5,FOLD-mean/16,0.6239551901817322,1.2246737480163574
gsm8k,2,5,FOLD-mean/32,0.2988739311695099,0.8111560940742493
gsm8k,2,6,EXACT,0.009960519149899483,0.16690337657928467
gsm8k,2,6,NOPE,1.5625414848327637,1.5587800741195679
gsm8k,2,6,OPT/8,0.026208939030766487,0.26172035932540894
gsm8k,2,6,OPT/16,0.014269795268774033,0.18650369346141815
gsm8k,2,6,OPT/32,0.010395383462309837,0.16826380789279938
gsm8k,2,6,PR-hi/8,1.547892451286316,1.5505167245864868
gsm8k,2,6,PR-hi/16,1.4559324979782104,1.5222384929656982
gsm8k,2,6,PR-hi/32,0.5673945546150208,1.0565862655639648
gsm8k,2,6,PR-en/8,0.21016187965869904,0.6747798323631287
gsm8k,2,6,PR-en/16,0.12247461080551147,0.4468739330768585
gsm8k,2,6,PR-en/32,0.05149615928530693,0.29480797052383423
gsm8k,2,6,PR-2n/8,0.20870155096054077,0.6734095215797424
gsm8k,2,6,PR-2n/16,0.11861879378557205,0.43939802050590515
gsm8k,2,6,PR-2n/32,0.048099223524332047,0.28597721457481384
gsm8k,2,6,FOLD-mean/8,0.5195155143737793,0.8353582620620728
gsm8k,2,6,FOLD-mean/16,0.40588775277137756,0.7550845146179199
gsm8k,2,6,FOLD-mean/32,0.30245742201805115,0.6107434034347534
gsm8k,2,7,EXACT,0.011838197708129883,0.17935431003570557
gsm8k,2,7,NOPE,1.4297858476638794,1.4185782670974731
gsm8k,2,7,OPT/8,0.0268511064350605,0.26841577887535095
gsm8k,2,7,OPT/16,0.015732701867818832,0.19677281379699707
gsm8k,2,7,OPT/32,0.012308971956372261,0.18090081214904785
gsm8k,2,7,PR-hi/8,1.4221512079238892,1.4149636030197144
gsm8k,2,7,PR-hi/16,1.3368061780929565,1.3857080936431885
gsm8k,2,7,PR-hi/32,0.5479013919830322,0.9543529748916626
gsm8k,2,7,PR-en/8,0.17094619572162628,0.5373969674110413
gsm8k,2,7,PR-en/16,0.09896435588598251,0.4064497947692871
gsm8k,2,7,PR-en/32,0.04515042155981064,0.29763174057006836
gsm8k,2,7,PR-2n/8,0.15917670726776123,0.5224424004554749
gsm8k,2,7,PR-2n/16,0.09396195411682129,0.3971918523311615
gsm8k,2,7,PR-2n/32,0.041608817875385284,0.2868765592575073
gsm8k,2,7,FOLD-mean/8,0.4735782742500305,0.8354839086532593
gsm8k,2,7,FOLD-mean/16,0.39757612347602844,0.7415822148323059
gsm8k,2,7,FOLD-mean/32,0.25980275869369507,0.5537041425704956
gsm8k,2,8,EXACT,0.012998992577195168,0.17790493369102478
gsm8k,2,8,NOPE,1.7363923788070679,1.3110313415527344
gsm8k,2,8,OPT/8,0.03473411127924919,0.2791663110256195
gsm8k,2,8,OPT/16,0.018952056765556335,0.203419491648674
gsm8k,2,8,OPT/32,0.013605413027107716,0.1797776073217392
gsm8k,2,8,PR-hi/8,1.7240993976593018,1.3038575649261475
gsm8k,2,8,PR-hi/16,1.6293476819992065,1.2727168798446655
gsm8k,2,8,PR-hi/32,0.6594180464744568,0.876801609992981
gsm8k,2,8,PR-en/8,0.22149580717086792,0.5605044960975647
gsm8k,2,8,PR-en/16,0.1187979206442833,0.4099165201187134
gsm8k,2,8,PR-en/32,0.05149320885539055,0.2934492826461792
gsm8k,2,8,PR-2n/8,0.2215549647808075,0.5605646371841431
gsm8k,2,8,PR-2n/16,0.111689493060112,0.400337815284729
gsm8k,2,8,PR-2n/32,0.05117160454392433,0.29265281558036804
gsm8k,2,8,FOLD-mean/8,0.8192973732948303,1.0022600889205933
gsm8k,2,8,FOLD-mean/16,0.6942600011825562,0.9083922505378723
gsm8k,2,8,FOLD-mean/32,0.35578030347824097,0.6233559846878052
gsm8k,2,9,EXACT,0.016788113862276077,0.17889787256717682
gsm8k,2,9,NOPE,1.782415509223938,1.1338127851486206
gsm8k,2,9,OPT/8,0.03780682757496834,0.2691483199596405
gsm8k,2,9,OPT/16,0.022691737860441208,0.20376081764698029
gsm8k,2,9,OPT/32,0.01762118935585022,0.18184088170528412
gsm8k,2,9,PR-hi/8,1.772578477859497,1.1312987804412842
gsm8k,2,9,PR-hi/16,1.6611460447311401,1.1053940057754517
gsm8k,2,9,PR-hi/32,0.7140368223190308,0.7865337133407593
gsm8k,2,9,PR-en/8,0.19127324223518372,0.4490378201007843
gsm8k,2,9,PR-en/16,0.09389390796422958,0.32346391677856445
gsm8k,2,9,PR-en/32,0.0473644956946373,0.25117602944374084
gsm8k,2,9,PR-2n/8,0.18685348331928253,0.4443187713623047
gsm8k,2,9,PR-2n/16,0.08954575657844543,0.31790515780448914
gsm8k,2,9,PR-2n/32,0.04593675583600998,0.24721042811870575
gsm8k,2,9,FOLD-mean/8,0.8219717741012573,0.7992743849754333
gsm8k,2,9,FOLD-mean/16,0.6715707182884216,0.7578815817832947
gsm8k,2,9,FOLD-mean/32,0.39454516768455505,0.5510110855102539
gsm8k,2,10,EXACT,0.01791180670261383,0.16866137087345123
gsm8k,2,10,NOPE,1.8336622714996338,0.9932058453559875
gsm8k,2,10,OPT/8,0.03848235309123993,0.23082414269447327
gsm8k,2,10,OPT/16,0.02395436353981495,0.18634669482707977
gsm8k,2,10,OPT/32,0.018729234114289284,0.1709829717874527
gsm8k,2,10,PR-hi/8,1.8091222047805786,0.9893856048583984
gsm8k,2,10,PR-hi/16,1.729009747505188,0.9770668745040894
gsm8k,2,10,PR-hi/32,0.7964955568313599,0.7416653037071228
gsm8k,2,10,PR-en/8,0.2501314878463745,0.4520179033279419
gsm8k,2,10,PR-en/16,0.13413511216640472,0.3396443724632263
gsm8k,2,10,PR-en/32,0.060405436903238297,0.2503261864185333
gsm8k,2,10,PR-2n/8,0.24400503933429718,0.4523511528968811
gsm8k,2,10,PR-2n/16,0.12378686666488647,0.33245837688446045
gsm8k,2,10,PR-2n/32,0.059513356536626816,0.24852699041366577
gsm8k,2,10,FOLD-mean/8,0.9248212575912476,0.766513466835022
gsm8k,2,10,FOLD-mean/16,0.7246860265731812,0.7328868508338928
gsm8k,2,10,FOLD-mean/32,0.38323959708213806,0.5093503594398499
gsm8k,2,11,EXACT,0.01810029335319996,0.20192387700080872
gsm8k,2,11,NOPE,1.2420620918273926,1.0176016092300415
gsm8k,2,11,OPT/8,0.035619936883449554,0.26303911209106445
gsm8k,2,11,OPT/16,0.023698339238762856,0.22074943780899048
gsm8k,2,11,OPT/32,0.0188446082174778,0.20424768328666687
gsm8k,2,11,PR-hi/8,1.2375479936599731,1.0166349411010742
gsm8k,2,11,PR-hi/16,1.1912875175476074,1.0012482404708862
gsm8k,2,11,PR-hi/32,0.6065577268600464,0.7694838047027588
gsm8k,2,11,PR-en/8,0.2122657746076584,0.500557541847229
gsm8k,2,11,PR-en/16,0.13348396122455597,0.4088672995567322
gsm8k,2,11,PR-en/32,0.05990705266594887,0.28188762068748474
gsm8k,2,11,PR-2n/8,0.20138968527317047,0.48956412076950073
gsm8k,2,11,PR-2n/16,0.12984786927700043,0.4056324064731598
gsm8k,2,11,PR-2n/32,0.05813710391521454,0.27884915471076965
gsm8k,2,11,FOLD-mean/8,0.5428953766822815,0.6985518336296082
gsm8k,2,11,FOLD-mean/16,0.45170316100120544,0.6217914819717407
gsm8k,2,11,FOLD-mean/32,0.3288978636264801,0.5224574208259583
gsm8k,2,12,EXACT,0.018728002905845642,0.17336446046829224
gsm8k,2,12,NOPE,1.5648038387298584,0.9703846573829651
gsm8k,2,12,OPT/8,0.041722483932971954,0.2649121582508087
gsm8k,2,12,OPT/16,0.024481963366270065,0.19138836860656738
gsm8k,2,12,OPT/32,0.01950731687247753,0.1755090206861496
gsm8k,2,12,PR-hi/8,1.554395318031311,0.9662984609603882
gsm8k,2,12,PR-hi/16,1.496764063835144,0.954616367816925
gsm8k,2,12,PR-hi/32,0.7242251634597778,0.7190569043159485
gsm8k,2,12,PR-en/8,0.20671190321445465,0.4342823624610901
gsm8k,2,12,PR-en/16,0.13083772361278534,0.35010918974876404
gsm8k,2,12,PR-en/32,0.062037669122219086,0.25895506143569946
gsm8k,2,12,PR-2n/8,0.20513999462127686,0.43376636505126953
gsm8k,2,12,PR-2n/16,0.12560546398162842,0.34489861130714417
gsm8k,2,12,PR-2n/32,0.06322106719017029,0.26082420349121094
gsm8k,2,12,FOLD-mean/8,0.6573190689086914,0.7068344354629517
gsm8k,2,12,FOLD-mean/16,0.5965060591697693,0.683181643486023
gsm8k,2,12,FOLD-mean/32,0.44631141424179077,0.5617496967315674
gsm8k,2,13,EXACT,0.01820835843682289,0.17418935894966125
gsm8k,2,13,NOPE,1.5956300497055054,1.0488002300262451
gsm8k,2,13,OPT/8,0.04075608402490616,0.2691718637943268
gsm8k,2,13,OPT/16,0.024193590506911278,0.1977221667766571
gsm8k,2,13,OPT/32,0.018932631239295006,0.17578165233135223
gsm8k,2,13,PR-hi/8,1.5830389261245728,1.0465285778045654
gsm8k,2,13,PR-hi/16,1.5141613483428955,1.0326359272003174
gsm8k,2,13,PR-hi/32,0.6951573491096497,0.7219600677490234
gsm8k,2,13,PR-en/8,0.22214409708976746,0.48089560866355896
gsm8k,2,13,PR-en/16,0.12006710469722748,0.3442109525203705
gsm8k,2,13,PR-en/32,0.059144917875528336,0.25753626227378845
gsm8k,2,13,PR-2n/8,0.2206270545721054,0.47885188460350037
gsm8k,2,13,PR-2n/16,0.11575718969106674,0.338947057723999
gsm8k,2,13,PR-2n/32,0.05792158469557762,0.25503313541412354
gsm8k,2,13,FOLD-mean/8,0.7138041853904724,0.7872822880744934
gsm8k,2,13,FOLD-mean/16,0.602904200553894,0.7000681757926941
gsm8k,2,13,FOLD-mean/32,0.40671655535697937,0.5275730490684509
gsm8k,2,14,EXACT,0.021920327097177505,0.1975078135728836
gsm8k,2,14,NOPE,1.3220365047454834,0.9237317442893982
gsm8k,2,14,OPT/8,0.040490131825208664,0.2527090311050415
gsm8k,2,14,OPT/16,0.027868034318089485,0.218721404671669
gsm8k,2,14,OPT/32,0.023028835654258728,0.204115629196167
gsm8k,2,14,PR-hi/8,1.307503342628479,0.9185850620269775
gsm8k,2,14,PR-hi/16,1.2624353170394897,0.9075374603271484
gsm8k,2,14,PR-hi/32,0.5838705897331238,0.6399304866790771
gsm8k,2,14,PR-en/8,0.2395077794790268,0.4468965530395508
gsm8k,2,14,PR-en/16,0.15426620841026306,0.36770692467689514
gsm8k,2,14,PR-en/32,0.0746893361210823,0.2818644642829895
gsm8k,2,14,PR-2n/8,0.22515372931957245,0.4367072284221649
gsm8k,2,14,PR-2n/16,0.14423519372940063,0.3605981171131134
gsm8k,2,14,PR-2n/32,0.07218073308467865,0.27526992559432983
gsm8k,2,14,FOLD-mean/8,0.610298216342926,0.676925003528595
gsm8k,2,14,FOLD-mean/16,0.5698652267456055,0.6356099247932434
gsm8k,2,14,FOLD-mean/32,0.4333391785621643,0.5313522219657898
gsm8k,2,15,EXACT,0.02443370409309864,0.2195025533437729
gsm8k,2,15,NOPE,1.6893380880355835,1.149449348449707
gsm8k,2,15,OPT/8,0.04070229083299637,0.2685399055480957
gsm8k,2,15,OPT/16,0.029068060219287872,0.23066964745521545
gsm8k,2,15,OPT/32,0.02509143017232418,0.22070123255252838
gsm8k,2,15,PR-hi/8,1.6682847738265991,1.1398355960845947
gsm8k,2,15,PR-hi/16,1.5816603899002075,1.115097999572754
gsm8k,2,15,PR-hi/32,0.6895569562911987,0.7835145592689514
gsm8k,2,15,PR-en/8,0.18822598457336426,0.4631269872188568
gsm8k,2,15,PR-en/16,0.10664183646440506,0.3519634008407593
gsm8k,2,15,PR-en/32,0.056238166987895966,0.27639442682266235
gsm8k,2,15,PR-2n/8,0.18210537731647491,0.4586063623428345
gsm8k,2,15,PR-2n/16,0.0993930995464325,0.34127455949783325
gsm8k,2,15,PR-2n/32,0.054564666002988815,0.27176299691200256
gsm8k,2,15,FOLD-mean/8,0.7037854790687561,0.8052260875701904
gsm8k,2,15,FOLD-mean/16,0.6494922637939453,0.7975820302963257
gsm8k,2,15,FOLD-mean/32,0.435035765171051,0.6157435774803162
gsm8k,2,16,EXACT,0.019445639103651047,0.1775301992893219
gsm8k,2,16,NOPE,1.4349970817565918,1.0295281410217285
gsm8k,2,16,OPT/8,0.03385483846068382,0.22922374308109283
gsm8k,2,16,OPT/16,0.023074056953191757,0.1896955668926239
gsm8k,2,16,OPT/32,0.019992949441075325,0.17982764542102814
gsm8k,2,16,PR-hi/8,1.4103155136108398,1.023903489112854
gsm8k,2,16,PR-hi/16,1.3450300693511963,1.00965416431427
gsm8k,2,16,PR-hi/32,0.6377743482589722,0.7359893321990967
gsm8k,2,16,PR-en/8,0.16768686473369598,0.40516355633735657
gsm8k,2,16,PR-en/16,0.09965140372514725,0.32006344199180603
gsm8k,2,16,PR-en/32,0.05039311200380325,0.24435026943683624
gsm8k,2,16,PR-2n/8,0.16262198984622955,0.3975813388824463
gsm8k,2,16,PR-2n/16,0.09651612490415573,0.3137875497341156
gsm8k,2,16,PR-2n/32,0.04991859197616577,0.2435751110315323
gsm8k,2,16,FOLD-mean/8,0.5982595682144165,0.6997912526130676
gsm8k,2,16,FOLD-mean/16,0.5799697637557983,0.689409077167511
gsm8k,2,16,FOLD-mean/32,0.374875545501709,0.5169845819473267
gsm8k,2,17,EXACT,0.018195919692516327,0.20364046096801758
gsm8k,2,17,NOPE,1.3239076137542725,1.3539824485778809
gsm8k,2,17,OPT/8,0.03730500489473343,0.29118114709854126
gsm8k,2,17,OPT/16,0.022899720817804337,0.22402454912662506
gsm8k,2,17,OPT/32,0.018873142078518867,0.20626157522201538
gsm8k,2,17,PR-hi/8,1.2916786670684814,1.3362847566604614
gsm8k,2,17,PR-hi/16,1.2121764421463013,1.2911256551742554
gsm8k,2,17,PR-hi/32,0.5344679951667786,0.8025289177894592
gsm8k,2,17,PR-en/8,0.17504234611988068,0.5200908184051514
gsm8k,2,17,PR-en/16,0.09436965733766556,0.3524663746356964
gsm8k,2,17,PR-en/32,0.049886904656887054,0.2761630713939667
gsm8k,2,17,PR-2n/8,0.16556426882743835,0.503426194190979
gsm8k,2,17,PR-2n/16,0.09214702993631363,0.349975049495697
gsm8k,2,17,PR-2n/32,0.04935070499777794,0.27478277683258057
gsm8k,2,17,FOLD-mean/8,0.5902720093727112,0.916662335395813
gsm8k,2,17,FOLD-mean/16,0.4876262843608856,0.7860821485519409
gsm8k,2,17,FOLD-mean/32,0.3396725654602051,0.6287136673927307
gsm8k,2,18,EXACT,0.02073054015636444,0.23021510243415833
gsm8k,2,18,NOPE,1.532715916633606,1.4816595315933228
gsm8k,2,18,OPT/8,0.041754480451345444,0.33684951066970825
gsm8k,2,18,OPT/16,0.025646785274147987,0.2540460526943207
gsm8k,2,18,OPT/32,0.02126988023519516,0.23224079608917236
gsm8k,2,18,PR-hi/8,1.4978034496307373,1.4697213172912598
gsm8k,2,18,PR-hi/16,1.3745702505111694,1.425386667251587
gsm8k,2,18,PR-hi/32,0.49940550327301025,0.8657299280166626
gsm8k,2,18,PR-en/8,0.17088010907173157,0.5117416381835938
gsm8k,2,18,PR-en/16,0.0906822681427002,0.3664092421531677
gsm8k,2,18,PR-en/32,0.04697280377149582,0.29252806305885315
gsm8k,2,18,PR-2n/8,0.16049985587596893,0.4945067763328552
gsm8k,2,18,PR-2n/16,0.08454155176877975,0.3576052486896515
gsm8k,2,18,PR-2n/32,0.04634634032845497,0.291416198015213
gsm8k,2,18,FOLD-mean/8,0.664438784122467,0.9830861687660217
gsm8k,2,18,FOLD-mean/16,0.5838968753814697,0.925309419631958
gsm8k,2,18,FOLD-mean/32,0.36630064249038696,0.7319773435592651
gsm8k,2,19,EXACT,0.01677314192056656,0.21183550357818604
gsm8k,2,19,NOPE,1.2682300806045532,1.367517113685608
gsm8k,2,19,OPT/8,0.036522623151540756,0.3145897686481476
gsm8k,2,19,OPT/16,0.02184436097741127,0.24487324059009552
gsm8k,2,19,OPT/32,0.017399301752448082,0.2155103087425232
gsm8k,2,19,PR-hi/8,1.2452919483184814,1.3560609817504883
gsm8k,2,19,PR-hi/16,1.1773004531860352,1.3287993669509888
gsm8k,2,19,PR-hi/32,0.5209318399429321,0.8980838656425476
gsm8k,2,19,PR-en/8,0.17187297344207764,0.5536767840385437
gsm8k,2,19,PR-en/16,0.09157406538724899,0.39862000942230225
gsm8k,2,19,PR-en/32,0.04382982850074768,0.29698440432548523
gsm8k,2,19,PR-2n/8,0.16919869184494019,0.5489721894264221
gsm8k,2,19,PR-2n/16,0.08523374050855637,0.38699284195899963
gsm8k,2,19,PR-2n/32,0.0433778315782547,0.2974194884300232
gsm8k,2,19,FOLD-mean/8,0.5513451099395752,0.8862922191619873
gsm8k,2,19,FOLD-mean/16,0.4750429689884186,0.8346168994903564
gsm8k,2,19,FOLD-mean/32,0.36983808875083923,0.7257616519927979
gsm8k,2,20,EXACT,0.016253096982836723,0.17798244953155518
gsm8k,2,20,NOPE,1.1462217569351196,1.3201971054077148
gsm8k,2,20,OPT/8,0.029202714562416077,0.24558021128177643
gsm8k,2,20,OPT/16,0.019642803817987442,0.18956045806407928
gsm8k,2,20,OPT/32,0.01672966592013836,0.17897163331508636
gsm8k,2,20,PR-hi/8,1.1263995170593262,1.307200312614441
gsm8k,2,20,PR-hi/16,1.0563398599624634,1.2779659032821655
gsm8k,2,20,PR-hi/32,0.46741223335266113,0.8331749439239502
gsm8k,2,20,PR-en/8,0.14079417288303375,0.43015599250793457
gsm8k,2,20,PR-en/16,0.07441741228103638,0.3097025156021118
gsm8k,2,20,PR-en/32,0.039855774492025375,0.24043342471122742
gsm8k,2,20,PR-2n/8,0.1387111246585846,0.4262765645980835
gsm8k,2,20,PR-2n/16,0.07199184596538544,0.30362668633461
gsm8k,2,20,PR-2n/32,0.03921814635396004,0.23844416439533234
gsm8k,2,20,FOLD-mean/8,0.5431005358695984,0.8708873987197876
gsm8k,2,20,FOLD-mean/16,0.42181187868118286,0.7647473812103271
gsm8k,2,20,FOLD-mean/32,0.3019121289253235,0.6219174861907959
gsm8k,2,21,EXACT,0.01360919140279293,0.21184542775154114
gsm8k,2,21,NOPE,0.9454204440116882,1.4884053468704224
gsm8k,2,21,OPT/8,0.029104508459568024,0.3261200785636902
gsm8k,2,21,OPT/16,0.01779326982796192,0.2445918321609497
gsm8k,2,21,OPT/32,0.014065051451325417,0.21452561020851135
gsm8k,2,21,PR-hi/8,0.927473247051239,1.4711954593658447
gsm8k,2,21,PR-hi/16,0.8730841875076294,1.4310212135314941
gsm8k,2,21,PR-hi/32,0.3623664975166321,0.8701131343841553
gsm8k,2,21,PR-en/8,0.1310979425907135,0.5350062251091003
gsm8k,2,21,PR-en/16,0.0755411759018898,0.3910892605781555
gsm8k,2,21,PR-en/32,0.033684249967336655,0.28028324246406555
gsm8k,2,21,PR-2n/8,0.12813988327980042,0.5270155668258667
gsm8k,2,21,PR-2n/16,0.07518405467271805,0.3900179862976074
gsm8k,2,21,PR-2n/32,0.03317590057849884,0.27866241335868835
gsm8k,2,21,FOLD-mean/8,0.32641205191612244,0.7965084910392761
gsm8k,2,21,FOLD-mean/16,0.29115018248558044,0.7359475493431091
gsm8k,2,21,FOLD-mean/32,0.22355465590953827,0.6270610690116882
gsm8k,2,22,EXACT,0.022304963320493698,0.23580297827720642
gsm8k,2,22,NOPE,1.3298524618148804,1.7411515712738037
gsm8k,2,22,OPT/8,0.040101516991853714,0.3288307785987854
gsm8k,2,22,OPT/16,0.025938061997294426,0.2509380280971527
gsm8k,2,22,OPT/32,0.02280118688941002,0.23787719011306763
gsm8k,2,22,PR-hi/8,1.2902555465698242,1.70899498462677
gsm8k,2,22,PR-hi/16,1.1850945949554443,1.6536880731582642
gsm8k,2,22,PR-hi/32,0.43730849027633667,1.0045300722122192
gsm8k,2,22,PR-en/8,0.15996921062469482,0.5418485403060913
gsm8k,2,22,PR-en/16,0.08042683452367783,0.3452267348766327
gsm8k,2,22,PR-en/32,0.041629478335380554,0.26595038175582886
gsm8k,2,22,PR-2n/8,0.1549014449119568,0.5023561120033264
gsm8k,2,22,PR-2n/16,0.0754413977265358,0.33620840311050415
gsm8k,2,22,PR-2n/32,0.0412147119641304,0.2656834125518799
gsm8k,2,22,FOLD-mean/8,0.6882684230804443,1.4431368112564087
gsm8k,2,22,FOLD-mean/16,0.5777713656425476,0.9595270752906799
gsm8k,2,22,FOLD-mean/32,0.3373280167579651,0.6800797581672668
gsm8k,2,23,EXACT,0.019692858681082726,0.23268742859363556
gsm8k,2,23,NOPE,1.1155606508255005,1.3648526668548584
gsm8k,2,23,OPT/8,0.042288534343242645,0.39913100004196167
gsm8k,2,23,OPT/16,0.0263512022793293,0.29409846663475037
gsm8k,2,23,OPT/32,0.020319078117609024,0.23619993031024933
gsm8k,2,23,PR-hi/8,1.089884638786316,1.3486099243164062
gsm8k,2,23,PR-hi/16,1.002933144569397,1.3030046224594116
gsm8k,2,23,PR-hi/32,0.33517494797706604,0.7377843260765076
gsm8k,2,23,PR-en/8,0.12314030528068542,0.4588478207588196
gsm8k,2,23,PR-en/16,0.06959741562604904,0.35135188698768616
gsm8k,2,23,PR-en/32,0.0381770133972168,0.2770579159259796
gsm8k,2,23,PR-2n/8,0.12154509127140045,0.45597130060195923
gsm8k,2,23,PR-2n/16,0.06624331325292587,0.3450728952884674
gsm8k,2,23,PR-2n/32,0.03796935826539993,0.2762911021709442
gsm8k,2,23,FOLD-mean/8,0.3443603813648224,0.7284855842590332
gsm8k,2,23,FOLD-mean/16,0.33820635080337524,0.7268084287643433
gsm8k,2,23,FOLD-mean/32,0.2703641355037689,0.6647878885269165
gsm8k,2,24,EXACT,0.019368544220924377,0.20376591384410858
gsm8k,2,24,NOPE,1.048858880996704,1.1901545524597168
gsm8k,2,24,OPT/8,0.033201683312654495,0.2690061628818512
gsm8k,2,24,OPT/16,0.02267312817275524,0.21768055856227875
gsm8k,2,24,OPT/32,0.019730601459741592,0.20476357638835907
gsm8k,2,24,PR-hi/8,1.0297733545303345,1.1765732765197754
gsm8k,2,24,PR-hi/16,0.9732704162597656,1.144546627998352
gsm8k,2,24,PR-hi/32,0.4153672754764557,0.7287271022796631
gsm8k,2,24,PR-en/8,0.15594395995140076,0.47026991844177246
gsm8k,2,24,PR-en/16,0.09566206485033035,0.38124069571495056
gsm8k,2,24,PR-en/32,0.04422633722424507,0.27435898780822754
gsm8k,2,24,PR-2n/8,0.14622195065021515,0.45846661925315857
gsm8k,2,24,PR-2n/16,0.08740441501140594,0.36508849263191223
gsm8k,2,24,PR-2n/32,0.04228973016142845,0.26720744371414185
gsm8k,2,24,FOLD-mean/8,0.29731643199920654,0.5897466540336609
gsm8k,2,24,FOLD-mean/16,0.2748968303203583,0.5641787052154541
gsm8k,2,24,FOLD-mean/32,0.24584245681762695,0.5363729000091553
gsm8k,2,25,EXACT,0.028780777007341385,0.2875766158103943
gsm8k,2,25,NOPE,0.9013300538063049,1.436835527420044
gsm8k,2,25,OPT/8,0.042697567492723465,0.36116352677345276
gsm8k,2,25,OPT/16,0.03289151191711426,0.3085910975933075
gsm8k,2,25,OPT/32,0.029130226001143456,0.2887037396430969
gsm8k,2,25,PR-hi/8,0.8752122521400452,1.4120159149169922
gsm8k,2,25,PR-hi/16,0.8382738828659058,1.378174901008606
gsm8k,2,25,PR-hi/32,0.338718444108963,0.83609539270401
gsm8k,2,25,PR-en/8,0.13418598473072052,0.5611483454704285
gsm8k,2,25,PR-en/16,0.08014371246099472,0.4319268763065338
gsm8k,2,25,PR-en/32,0.049430038779973984,0.3546777367591858
gsm8k,2,25,PR-2n/8,0.12811273336410522,0.549904465675354
gsm8k,2,25,PR-2n/16,0.07715534418821335,0.4260042905807495
gsm8k,2,25,PR-2n/32,0.04903256520628929,0.35339388251304626
gsm8k,2,25,FOLD-mean/8,0.3364732265472412,0.7898327112197876
gsm8k,2,25,FOLD-mean/16,0.29403823614120483,0.6808508038520813
gsm8k,2,25,FOLD-mean/32,0.25664985179901123,0.6186955571174622
gsm8k,2,26,EXACT,0.02571619488298893,0.20692802965641022
gsm8k,2,26,NOPE,1.2690237760543823,1.04147207736969
gsm8k,2,26,OPT/8,0.03951362147927284,0.2522888481616974
gsm8k,2,26,OPT/16,0.029827892780303955,0.22030185163021088
gsm8k,2,26,OPT/32,0.026292864233255386,0.20826208591461182
gsm8k,2,26,PR-hi/8,1.2441661357879639,1.0322245359420776
gsm8k,2,26,PR-hi/16,1.1675666570663452,1.0059785842895508
gsm8k,2,26,PR-hi/32,0.4909946024417877,0.652157187461853
gsm8k,2,26,PR-en/8,0.1754811853170395,0.40943533182144165
gsm8k,2,26,PR-en/16,0.09053421020507812,0.3037738800048828
gsm8k,2,26,PR-en/32,0.04977051541209221,0.24603645503520966
gsm8k,2,26,PR-2n/8,0.16569842398166656,0.4001217484474182
gsm8k,2,26,PR-2n/16,0.0835106149315834,0.29584047198295593
gsm8k,2,26,PR-2n/32,0.04839014261960983,0.24455617368221283
gsm8k,2,26,FOLD-mean/8,0.5129820108413696,0.7051433324813843
gsm8k,2,26,FOLD-mean/16,0.3989904522895813,0.5966708064079285
gsm8k,2,26,FOLD-mean/32,0.32287171483039856,0.5169858932495117
gsm8k,2,27,EXACT,0.023051373660564423,0.2582455277442932
gsm8k,2,27,NOPE,1.3133527040481567,1.6844452619552612
gsm8k,2,27,OPT/8,0.04272952303290367,0.447009414434433
gsm8k,2,27,OPT/16,0.02929678186774254,0.34405234456062317
gsm8k,2,27,OPT/32,0.02358817122876644,0.2609404921531677
gsm8k,2,27,PR-hi/8,1.2849513292312622,1.6613056659698486
gsm8k,2,27,PR-hi/16,1.2002673149108887,1.6072617769241333
gsm8k,2,27,PR-hi/32,0.4411211907863617,0.9300427436828613
gsm8k,2,27,PR-en/8,0.09843318909406662,0.5073298215866089
gsm8k,2,27,PR-en/16,0.055083978921175,0.36194100975990295
gsm8k,2,27,PR-en/32,0.03803117200732231,0.2998095154762268
gsm8k,2,27,PR-2n/8,0.09628576785326004,0.5055829882621765
gsm8k,2,27,PR-2n/16,0.054402757436037064,0.36054670810699463
gsm8k,2,27,PR-2n/32,0.037883441895246506,0.29991063475608826
gsm8k,2,27,FOLD-mean/8,0.4740019142627716,1.021631121635437
gsm8k,2,27,FOLD-mean/16,0.413763165473938,0.8694035410881042
gsm8k,2,27,FOLD-mean/32,0.29554587602615356,0.7174844741821289
gsm8k,2,28,EXACT,0.025165531784296036,0.20576784014701843
gsm8k,2,28,NOPE,1.1194123029708862,1.433738112449646
gsm8k,2,28,OPT/8,0.040781836956739426,0.3374766409397125
gsm8k,2,28,OPT/16,0.02885507233440876,0.22382701933383942
gsm8k,2,28,OPT/32,0.025732068344950676,0.20710179209709167
gsm8k,2,28,PR-hi/8,1.1021708250045776,1.419058084487915
gsm8k,2,28,PR-hi/16,1.0184422731399536,1.3661160469055176
gsm8k,2,28,PR-hi/32,0.39631107449531555,0.7434880137443542
gsm8k,2,28,PR-en/8,0.11645959317684174,0.4411832392215729
gsm8k,2,28,PR-en/16,0.07139130681753159,0.3344475328922272
gsm8k,2,28,PR-en/32,0.04641338065266609,0.26796430349349976
gsm8k,2,28,PR-2n/8,0.1153334453701973,0.4394099712371826
gsm8k,2,28,PR-2n/16,0.06923557072877884,0.33014756441116333
gsm8k,2,28,PR-2n/32,0.0461040735244751,0.26695436239242554
gsm8k,2,28,FOLD-mean/8,0.4355992376804352,0.7580790519714355
gsm8k,2,28,FOLD-mean/16,0.35057246685028076,0.7289806604385376
gsm8k,2,28,FOLD-mean/32,0.28289079666137695,0.647781491279602
gsm8k,2,29,EXACT,0.022441856563091278,0.16566912829875946
gsm8k,2,29,NOPE,1.0812445878982544,0.9765626192092896
gsm8k,2,29,OPT/8,0.03737456724047661,0.24809372425079346
gsm8k,2,29,OPT/16,0.027330974116921425,0.18800169229507446
gsm8k,2,29,OPT/32,0.0231652669608593,0.16749046742916107
gsm8k,2,29,PR-hi/8,1.060810923576355,0.9640916585922241
gsm8k,2,29,PR-hi/16,1.0078144073486328,0.9419847130775452
gsm8k,2,29,PR-hi/32,0.4396468698978424,0.6007955074310303
gsm8k,2,29,PR-en/8,0.15540578961372375,0.36843356490135193
gsm8k,2,29,PR-en/16,0.09554112702608109,0.2819936275482178
gsm8k,2,29,PR-en/32,0.05166630446910858,0.22002732753753662
gsm8k,2,29,PR-2n/8,0.15283557772636414,0.36613520979881287
gsm8k,2,29,PR-2n/16,0.0932927280664444,0.2794398069381714
gsm8k,2,29,PR-2n/32,0.05091222748160362,0.21891650557518005
gsm8k,2,29,FOLD-mean/8,0.40614378452301025,0.5568413734436035
gsm8k,2,29,FOLD-mean/16,0.40093693137168884,0.560734212398529
gsm8k,2,29,FOLD-mean/32,0.3387933373451233,0.4820919930934906
gsm8k,2,30,EXACT,0.01768922619521618,0.1814391314983368
gsm8k,2,30,NOPE,1.2455772161483765,1.4782723188400269
gsm8k,2,30,OPT/8,0.041091810911893845,0.4313412308692932
gsm8k,2,30,OPT/16,0.024090690538287163,0.25901395082473755
gsm8k,2,30,OPT/32,0.01849222742021084,0.1842452436685562
gsm8k,2,30,PR-hi/8,1.2103863954544067,1.4272888898849487
gsm8k,2,30,PR-hi/16,1.1245553493499756,1.3717581033706665
gsm8k,2,30,PR-hi/32,0.4788336753845215,0.8623878359794617
gsm8k,2,30,PR-en/8,0.12009914219379425,0.5237569212913513
gsm8k,2,30,PR-en/16,0.06674882769584656,0.3515136241912842
gsm8k,2,30,PR-en/32,0.040907032787799835,0.24111738801002502
gsm8k,2,30,PR-2n/8,0.11392205953598022,0.5041014552116394
gsm8k,2,30,PR-2n/16,0.06290338188409805,0.3465733528137207
gsm8k,2,30,PR-2n/32,0.040648289024829865,0.23874108493328094
gsm8k,2,30,FOLD-mean/8,0.39296823740005493,0.7929629683494568
gsm8k,2,30,FOLD-mean/16,0.3924122750759125,0.7925449013710022
gsm8k,2,30,FOLD-mean/32,0.3235923647880554,0.6620031595230103
gsm8k,2,31,EXACT,0.035771697759628296,0.23993735015392303
gsm8k,2,31,NOPE,1.3749992847442627,0.5939338803291321
gsm8k,2,31,OPT/8,0.05681772530078888,0.29042848944664
gsm8k,2,31,OPT/16,0.04263430833816528,0.2571049928665161
gsm8k,2,31,OPT/32,0.03688400238752365,0.2408531755208969
gsm8k,2,31,PR-hi/8,1.343333125114441,0.5894107818603516
gsm8k,2,31,PR-hi/16,1.2814948558807373,0.5827198624610901
gsm8k,2,31,PR-hi/32,0.7582382559776306,0.4753257632255554
gsm8k,2,31,PR-en/8,0.3076232075691223,0.36488309502601624
gsm8k,2,31,PR-en/16,0.15969760715961456,0.2810029685497284
gsm8k,2,31,PR-en/32,0.08466483652591705,0.2536858916282654
gsm8k,2,31,PR-2n/8,0.29834043979644775,0.35919174551963806
gsm8k,2,31,PR-2n/16,0.15027087926864624,0.2781302034854889
gsm8k,2,31,PR-2n/32,0.08301211148500443,0.2548398971557617
gsm8k,2,31,FOLD-mean/8,0.9416480660438538,0.5429769158363342
gsm8k,2,31,FOLD-mean/16,0.7233239412307739,0.48049816489219666
gsm8k,2,31,FOLD-mean/32,0.49960872530937195,0.40095254778862
